sample_id,population,variant_001,variant_002,variant_003,variant_004,variant_005,variant_006,variant_007,variant_008,variant_009,variant_010,variant_011,variant_012,variant_013,variant_014,variant_015,variant_016,variant_017,variant_018,variant_019,variant_020,variant_021,variant_022,variant_023,variant_024,variant_025,variant_026,variant_027,variant_028,variant_029,variant_030,variant_031,variant_032,variant_033,variant_034,variant_035,variant_036,variant_037,variant_038,variant_039,variant_040,variant_041,variant_042,variant_043,variant_044,variant_045,variant_046,variant_047,variant_048,variant_049,variant_050,variant_051,variant_052,variant_053,variant_054,variant_055,variant_056,variant_057,variant_058,variant_059,variant_060,variant_061,variant_062,variant_063,variant_064,variant_065,variant_066,variant_067,variant_068,variant_069,variant_070,variant_071,variant_072,variant_073,variant_074,variant_075,variant_076,variant_077,variant_078,variant_079,variant_080,variant_081,variant_082,variant_083,variant_084,variant_085,variant_086,variant_087,variant_088,variant_089,variant_090,variant_091,variant_092,variant_093,variant_094,variant_095,variant_096,variant_097,variant_098,variant_099,variant_100
L_001,pluto,1,1,0,0,1,1,0,0,0,1,0,0,0,1,1,1,0,1,1,0,0,1,1,0,1,1,1,0,0,0,0,0,0,0,1,1,0,0,1,1,1,1,1,1,1,0,1,0,1,0,0,0,0,1,0,1,0,0,0,1,0,1,1,0,1,1,0,1,0,0,0,1,1,1,1,1,1,0,1,1,0,1,1,0,0,0,0,1,0,1,0,0,0,0,1,0,1,0,1,0
L_002,saturn,1,1,0,0,1,1,0,0,0,1,0,0,0,1,1,1,0,1,0,0,0,1,1,0,1,1,1,0,0,0,0,0,0,0,1,1,0,0,1,1,1,1,1,1,1,0,1,0,1,0,0,0,0,1,0,0,0,0,0,1,0,1,1,1,1,1,0,1,0,0,0,1,1,1,0,1,1,0,1,1,1,1,1,0,0,1,0,0,0,1,0,0,0,0,1,0,1,0,1,0
L_003,pluto,1,1,0,0,1,1,0,0,0,0,0,0,0,1,1,1,0,1,1,0,0,1,1,0,1,1,1,0,0,0,1,0,0,0,1,1,0,0,0,1,1,1,1,1,1,0,1,0,1,0,0,0,0,1,0,1,0,0,0,1,0,1,1,1,1,1,0,1,0,0,0,1,0,0,1,1,1,0,1,1,1,1,1,0,0,0,0,0,0,1,0,0,0,0,1,0,1,0,1,0
L_004,mercury,1,0,0,1,0,0,0,0,1,0,1,1,1,1,1,0,1,1,0,0,0,1,1,1,0,1,1,1,0,1,1,1,1,0,0,0,0,0,0,0,1,1,0,0,0,1,1,0,0,0,1,0,0,0,0,1,0,0,1,0,1,0,1,1,1,1,1,1,0,0,0,1,1,1,1,0,0,1,0,0,0,1,0,0,0,0,0,1,0,0,1,0,0,1,1,0,0,1,1,1
L_005,venus,0,1,0,0,1,1,1,0,1,0,0,1,1,1,1,0,1,0,0,1,1,1,1,1,1,0,0,1,0,0,0,1,0,1,0,0,1,1,1,1,0,1,1,0,0,1,1,1,1,1,1,1,0,0,0,1,1,0,0,0,1,0,0,1,0,0,0,0,0,0,1,1,1,0,1,1,0,1,1,1,0,1,0,0,1,1,0,1,1,1,1,1,1,1,1,1,1,0,1,0
L_006,pluto,1,1,0,0,1,1,0,0,0,1,0,0,0,1,1,1,0,1,1,0,0,1,1,0,1,1,1,0,0,0,0,0,0,0,1,1,0,0,1,1,1,1,1,1,1,0,1,0,1,0,1,0,0,1,0,1,0,0,0,1,0,1,1,1,1,1,0,1,0,0,0,1,1,1,1,1,1,0,1,1,1,1,1,0,0,0,0,0,0,1,0,0,0,0,1,0,1,0,1,0
L_007,venus,0,1,0,0,1,1,0,0,1,0,0,1,1,1,1,0,1,0,0,1,1,1,1,1,1,0,0,1,0,1,0,1,0,1,0,0,1,1,1,0,0,1,1,0,0,1,1,1,1,1,1,1,0,0,0,1,1,0,0,0,1,0,0,1,0,0,1,0,0,0,1,1,1,0,1,1,0,1,1,1,0,1,0,0,1,1,0,1,1,1,0,1,0,1,1,1,1,0,1,0
L_008,pluto,1,1,0,0,1,1,0,0,0,1,0,0,0,1,1,1,0,1,1,0,0,1,1,0,1,1,1,0,0,0,0,0,0,0,1,1,0,0,1,1,1,1,1,1,1,0,1,0,1,0,0,0,0,1,0,0,0,0,0,0,0,1,1,1,1,1,0,1,0,0,0,1,1,1,1,1,1,0,1,1,1,1,1,0,0,0,0,0,0,1,0,0,0,0,1,0,1,0,1,0
L_009,mars,0,1,0,0,0,0,1,0,1,0,0,1,1,1,1,1,1,0,0,1,1,1,1,0,1,0,0,0,0,1,0,1,0,0,0,0,1,0,1,0,0,1,1,0,0,1,1,1,1,1,1,1,0,1,0,1,0,0,0,0,1,0,0,1,0,0,0,0,0,0,1,1,1,0,1,1,0,1,1,1,0,1,0,0,0,1,0,1,1,1,0,1,0,1,1,1,1,0,1,1
L_010,saturn,1,1,0,0,1,1,0,0,0,1,0,0,0,1,1,1,0,1,1,0,0,1,0,0,1,1,1,0,0,0,0,0,0,0,1,1,0,0,1,1,1,1,1,1,1,1,1,0,1,0,0,1,0,1,0,0,0,0,0,1,0,1,1,1,1,1,0,1,0,0,0,1,1,1,0,1,1,0,1,1,1,1,1,0,0,1,0,0,0,1,0,0,0,0,1,0,1,0,1,0
L_011,venus,0,1,0,0,1,1,1,1,1,0,0,1,1,1,1,0,1,0,0,1,1,1,1,1,1,0,0,1,0,0,0,1,0,0,0,0,1,1,1,0,0,1,1,0,0,1,1,1,0,1,1,1,0,0,0,1,1,0,0,0,1,0,0,1,0,0,1,0,0,0,1,1,1,0,1,1,0,1,1,1,0,1,0,0,1,1,0,1,1,1,0,1,0,1,1,1,1,0,1,0
L_012,venus,0,1,0,0,1,1,1,0,1,0,0,1,1,1,1,0,1,0,0,1,1,1,1,1,1,0,0,1,0,0,0,1,0,1,0,0,1,1,1,0,0,1,1,0,0,0,1,1,1,1,1,1,0,0,0,1,1,0,0,0,1,0,0,1,0,0,1,0,0,0,1,1,1,0,1,1,0,1,1,1,0,1,0,0,1,1,0,1,1,1,0,1,0,1,1,1,1,0,1,0
L_013,saturn,1,1,0,0,1,1,0,0,0,1,0,0,0,1,1,1,0,1,1,0,0,1,1,0,1,0,1,0,0,0,0,0,0,0,1,1,0,0,1,1,1,1,1,1,1,0,1,0,1,0,0,0,0,1,0,0,0,0,0,1,0,1,1,1,1,1,0,1,0,0,0,1,1,1,0,1,1,0,1,1,1,1,1,0,0,1,0,0,0,1,0,0,1,0,1,0,1,0,1,0
L_014,saturn,1,1,0,0,1,1,0,0,0,1,0,0,0,1,1,1,0,1,1,0,0,1,1,0,1,1,1,0,0,0,0,0,0,0,1,1,0,0,1,1,1,1,1,1,1,0,1,0,1,0,0,0,0,0,0,0,0,0,0,1,0,1,1,1,1,1,0,1,0,0,0,1,1,1,0,1,1,0,1,1,1,1,1,0,0,1,0,0,0,1,1,0,0,0,1,0,1,0,1,0
L_015,pluto,1,1,0,0,1,1,0,0,0,1,0,0,0,1,1,1,0,1,1,0,0,1,1,0,1,1,1,0,0,0,0,0,0,0,1,1,0,0,1,1,1,1,1,1,1,0,1,0,1,0,0,0,0,1,0,1,0,0,0,1,0,1,1,1,1,1,0,1,0,0,0,1,1,1,1,1,1,0,1,1,1,1,1,0,0,0,0,0,0,1,0,0,0,0,1,0,1,0,1,1
L_016,mars,0,1,0,0,0,0,1,0,1,0,0,1,1,1,1,0,1,0,0,1,1,1,1,0,1,0,0,0,0,1,0,1,0,0,0,0,1,1,1,0,0,1,1,0,0,1,1,1,1,1,1,1,0,0,0,1,0,0,0,0,1,0,0,1,0,0,0,0,0,1,1,1,1,0,1,1,0,1,1,1,0,1,0,0,1,1,0,1,1,1,0,1,0,1,1,1,1,0,1,1
L_017,saturn,1,1,0,0,1,1,0,0,0,1,0,0,0,1,1,1,0,1,1,0,0,1,1,0,1,1,1,0,0,0,0,0,0,0,1,1,0,0,1,1,1,1,1,1,1,0,1,0,1,0,0,0,0,1,0,0,0,0,0,1,0,1,1,1,1,1,0,1,0,0,0,1,1,1,0,1,1,0,1,1,1,1,1,0,0,1,0,0,0,1,0,0,0,0,1,0,1,0,1,0
L_018,venus,0,1,0,0,1,1,1,0,1,0,0,1,1,1,1,0,1,0,0,1,1,1,1,1,1,0,0,1,0,0,0,1,0,1,0,0,1,1,1,0,0,1,1,0,0,1,1,1,1,1,1,1,0,0,0,1,1,0,0,0,1,0,0,1,0,0,1,0,0,0,1,1,1,0,1,1,0,0,1,1,0,1,0,0,1,1,0,1,1,1,0,1,0,1,1,1,1,0,1,0
L_019,mercury,1,0,0,1,0,0,0,0,1,0,1,1,1,1,1,0,1,1,0,0,0,1,1,1,0,1,1,1,0,1,1,1,1,0,0,0,0,0,0,0,1,1,0,0,0,1,1,0,0,0,1,0,0,0,0,1,0,0,1,0,1,0,1,1,1,1,1,1,0,0,0,1,1,1,1,0,0,1,0,0,0,1,0,0,0,0,0,1,0,0,1,0,0,1,1,0,0,1,1,1
L_020,mars,0,1,0,0,0,0,1,0,1,0,0,1,1,1,1,0,1,0,0,1,1,1,1,0,1,0,0,0,0,1,0,1,0,1,0,0,1,1,1,0,0,1,1,0,0,1,1,1,1,0,1,1,0,0,0,0,0,0,0,0,1,0,0,1,0,0,0,1,0,0,1,1,1,0,1,1,0,1,1,1,0,1,0,0,0,1,0,1,1,1,0,1,0,1,1,1,1,0,1,1
L_021,pluto,1,1,0,0,1,1,0,0,0,1,0,0,0,1,1,1,0,1,1,0,0,1,1,0,1,1,1,0,0,0,0,0,0,0,1,1,0,0,1,1,1,1,0,1,1,0,1,0,1,0,0,0,0,1,0,1,0,0,0,1,0,1,1,1,1,1,0,1,0,0,0,1,1,1,1,1,1,0,1,1,1,1,1,0,0,0,0,0,0,1,0,0,0,0,1,0,1,0,1,0
L_022,mercury,1,0,0,1,0,0,0,0,1,0,1,1,1,0,1,0,1,1,0,0,0,1,1,1,0,1,1,1,0,1,1,1,1,0,0,0,0,0,0,0,1,1,0,0,0,1,1,0,0,0,0,0,0,0,0,1,0,0,1,0,1,0,1,1,1,1,1,1,0,0,0,0,1,1,1,0,0,1,0,0,0,1,0,0,0,0,0,1,0,0,1,0,0,1,1,0,0,1,1,1
L_023,mercury,1,0,0,1,0,0,0,0,1,0,1,1,1,1,1,0,1,1,1,0,0,1,1,1,0,1,1,1,0,1,1,1,1,0,0,0,0,0,0,0,1,1,0,0,0,1,1,0,0,0,1,0,0,0,0,1,0,0,1,0,1,0,1,1,1,1,1,1,0,0,0,1,1,1,1,0,0,1,0,0,0,1,0,0,0,0,0,1,0,0,1,0,0,1,1,0,0,1,1,1
L_024,venus,0,1,0,0,1,1,1,0,1,0,0,1,1,1,1,0,0,0,0,1,1,1,1,1,1,0,0,1,0,0,0,1,0,1,0,0,1,1,1,1,0,1,1,0,0,1,1,1,1,1,1,1,0,0,0,1,1,0,0,0,1,0,0,1,0,0,1,0,0,0,1,1,1,0,1,1,0,1,1,1,0,1,0,0,1,1,0,1,1,1,0,1,0,1,1,1,1,0,1,0
L_025,venus,0,1,0,0,1,1,1,0,1,0,0,1,1,1,1,0,1,0,0,1,1,1,1,0,1,0,0,1,0,0,0,1,0,1,0,0,1,1,1,0,0,1,1,0,0,1,1,1,1,1,1,1,0,0,0,1,1,0,0,0,1,0,0,1,0,0,1,0,0,0,1,1,1,0,1,1,0,1,1,1,0,1,0,0,1,1,0,1,1,1,0,1,0,1,1,1,1,0,1,0
L_026,saturn,1,1,0,0,0,1,0,0,0,1,0,0,0,1,1,1,0,1,1,0,0,1,1,0,1,1,1,0,0,0,0,0,0,0,1,1,0,0,1,1,1,1,1,1,1,0,1,0,1,0,0,0,0,1,0,0,0,0,0,1,0,1,1,1,1,1,0,1,0,0,0,1,1,1,0,1,1,0,1,1,1,1,1,0,0,1,0,0,0,1,0,0,0,0,1,0,1,0,1,0
L_027,pluto,1,1,0,0,1,1,0,0,0,1,0,0,0,1,1,1,0,1,1,0,0,1,1,0,1,1,1,0,0,0,0,0,0,0,1,0,0,0,1,1,1,1,1,1,1,0,1,0,1,0,0,0,0,1,0,1,0,0,0,1,0,1,1,1,1,1,0,1,0,0,0,1,1,1,1,1,1,0,1,1,1,1,1,0,0,0,0,0,0,1,0,0,0,0,1,0,1,0,1,0
L_028,mars,0,1,1,0,0,0,1,0,1,0,0,1,1,1,1,0,1,0,0,1,1,1,1,0,1,0,0,0,0,1,0,1,0,0,0,0,1,1,1,0,0,1,1,0,0,1,1,1,1,1,1,1,0,0,0,1,0,0,0,0,1,0,0,1,0,0,0,0,0,0,1,1,1,0,1,0,0,1,1,1,0,1,0,0,0,1,0,1,1,1,0,1,0,1,1,1,1,0,1,1
L_029,saturn,1,1,0,0,0,1,0,0,0,1,0,0,0,1,1,1,0,1,1,0,0,1,1,0,1,1,1,0,0,0,0,0,0,0,1,1,0,0,1,1,1,1,1,1,1,0,1,0,1,0,0,0,1,1,0,0,0,0,0,1,0,1,1,1,1,1,0,1,0,0,0,1,1,1,0,1,1,0,1,1,1,1,1,0,0,1,0,0,0,1,0,0,0,0,1,0,1,0,1,0
L_030,mercury,1,0,0,1,0,0,0,0,1,0,1,1,1,1,1,0,1,1,0,0,0,1,1,1,0,1,1,1,0,1,1,1,1,0,0,0,0,0,0,0,1,1,0,0,0,1,1,0,0,0,1,0,0,0,0,1,0,0,1,0,1,0,1,1,1,1,1,1,0,0,0,1,1,1,1,0,0,1,0,0,0,1,0,0,0,0,0,1,0,0,1,0,0,1,1,0,0,1,1,1
L_031,pluto,1,1,0,0,1,1,0,0,0,1,0,0,0,1,1,1,0,1,1,0,0,1,1,0,1,1,1,0,0,0,0,0,0,0,1,1,0,0,1,1,1,1,1,1,1,0,1,0,1,0,0,0,0,1,0,1,0,0,0,1,0,1,1,1,1,1,0,1,0,0,0,1,1,1,1,1,1,1,1,1,1,1,1,0,0,0,0,0,0,1,0,0,0,0,1,0,1,0,1,0
L_032,mars,0,1,0,0,0,0,1,0,1,0,0,1,1,1,1,0,1,0,0,1,1,1,1,0,1,0,0,0,0,1,0,1,0,0,0,0,1,1,1,0,0,1,1,0,0,1,1,1,1,1,1,1,0,1,0,1,0,0,0,0,1,0,0,1,0,0,0,0,0,0,1,1,1,0,1,1,0,1,1,1,0,1,0,0,0,1,0,1,1,1,0,1,0,1,1,1,1,0,1,1
L_033,saturn,1,1,0,0,1,1,1,0,0,1,0,0,0,1,1,1,0,1,1,0,0,1,1,0,1,1,1,0,0,0,0,0,0,0,1,1,0,0,1,1,1,1,1,1,1,0,1,0,1,0,0,0,0,1,0,0,0,0,0,1,0,1,1,1,1,1,0,1,0,1,0,1,1,1,0,1,1,0,1,1,1,1,1,0,0,1,0,0,0,1,0,0,0,0,1,0,1,0,1,0
L_034,mars,0,1,0,0,0,0,1,0,1,0,0,0,1,1,1,0,1,0,0,1,1,1,1,0,1,0,0,0,0,1,0,1,0,0,0,0,1,1,1,0,0,1,1,0,0,1,1,1,1,1,1,1,0,0,0,1,0,0,0,0,1,0,0,1,0,0,0,0,0,0,1,1,1,0,1,1,0,1,1,1,0,1,0,0,0,1,0,1,1,1,1,1,0,1,1,1,1,0,1,1
L_035,mercury,0,0,0,1,0,0,0,0,1,0,1,1,1,1,1,0,1,1,0,0,0,1,1,1,0,1,1,1,0,1,1,1,1,0,0,0,0,0,0,0,1,1,0,0,0,1,1,0,0,0,1,0,0,0,0,1,0,0,1,0,1,0,0,1,1,1,1,1,0,0,0,1,1,0,1,0,0,1,0,0,0,1,0,0,0,0,0,1,0,0,1,0,0,1,1,0,0,1,1,1
L_036,saturn,1,1,0,0,1,1,0,0,0,1,0,0,0,1,1,1,0,1,1,0,0,1,1,0,1,1,1,0,0,0,0,0,0,0,1,1,0,0,1,1,1,1,1,1,1,0,1,0,1,0,0,0,0,1,0,0,0,1,0,1,0,1,1,1,1,1,0,1,1,0,0,1,1,1,0,1,1,0,1,1,1,1,1,0,0,1,1,0,0,1,0,0,0,0,1,0,1,0,1,0
L_037,mercury,1,0,0,1,0,0,0,0,1,0,1,1,1,1,1,0,1,1,0,0,0,1,1,1,0,1,1,1,0,1,1,1,1,0,0,0,0,0,0,0,1,1,0,0,0,1,1,0,0,0,1,0,1,0,0,1,0,0,1,0,0,0,1,1,1,1,1,1,0,0,0,1,1,1,1,0,0,1,0,0,0,1,0,0,0,0,0,1,0,0,1,0,0,1,1,0,0,1,1,1
L_038,mercury,1,0,0,1,0,0,0,1,0,0,1,1,1,1,1,0,1,1,0,0,0,1,1,1,0,1,1,1,0,1,1,1,1,0,0,0,0,0,0,0,1,1,0,0,0,1,1,0,0,0,1,0,1,0,0,1,0,0,1,0,1,0,1,1,1,1,1,1,0,0,0,1,1,1,1,0,0,1,0,0,0,1,0,0,0,0,0,1,1,0,1,0,0,1,1,0,0,1,1,1
L_039,venus,0,1,0,0,1,1,1,0,1,0,0,1,1,1,1,0,1,0,0,1,1,1,1,1,1,0,0,1,0,0,0,1,0,1,0,0,1,1,1,0,0,1,1,0,0,1,1,1,1,1,1,1,0,0,0,1,0,0,0,0,1,0,0,1,0,0,1,0,0,0,1,1,1,0,1,0,0,1,1,1,0,1,0,0,1,1,0,1,1,1,0,1,0,1,1,1,1,0,1,0
L_040,venus,0,1,0,0,1,1,1,0,1,0,0,1,1,1,1,0,1,0,0,1,1,1,1,1,1,0,0,1,0,0,0,1,0,1,0,0,1,1,1,0,0,1,1,0,0,0,1,1,1,1,1,1,0,0,0,1,1,0,0,0,1,0,0,1,1,0,1,0,0,0,1,1,1,1,1,1,0,1,1,1,0,1,0,0,1,1,0,1,1,1,0,1,0,1,1,1,1,0,1,0
L_041,mercury,1,0,0,1,0,0,0,0,1,0,1,1,1,1,1,0,1,1,0,0,0,1,1,1,0,1,1,1,0,1,1,1,1,0,0,0,0,0,0,0,1,1,0,0,0,1,1,0,0,0,1,0,0,0,0,1,0,0,1,0,1,0,1,1,1,1,1,1,0,0,0,1,1,1,1,0,0,1,0,0,0,1,0,0,0,0,0,1,0,0,1,0,0,1,0,0,0,1,1,1
L_042,saturn,1,1,0,0,1,1,0,0,0,1,0,0,0,1,0,1,0,1,1,0,0,1,1,0,1,1,1,0,0,0,0,0,0,0,1,1,0,0,1,1,1,1,1,1,1,0,1,0,1,0,0,0,0,1,0,0,0,0,0,1,0,1,1,1,1,1,0,1,0,0,0,1,1,1,0,1,1,0,1,1,1,1,1,0,0,1,0,0,0,1,0,0,0,0,1,0,1,0,1,0
L_043,saturn,1,1,0,0,1,1,0,0,0,1,0,0,0,1,1,1,0,1,1,0,0,1,1,0,1,1,1,0,0,0,0,0,0,0,1,1,0,0,1,1,1,1,1,1,1,0,1,0,1,0,0,0,0,1,0,0,0,0,0,1,0,1,1,1,1,1,0,1,0,0,0,1,1,1,0,1,1,0,1,1,1,1,1,0,0,1,0,0,0,1,0,0,0,0,1,0,1,0,1,0
L_044,pluto,1,1,0,0,1,1,0,0,0,1,0,0,0,1,1,1,0,1,1,0,0,1,1,0,1,1,1,0,0,0,0,0,0,0,1,1,0,0,1,1,1,1,1,1,1,0,1,0,1,0,0,0,0,1,0,1,0,0,0,1,0,1,1,1,1,1,0,1,0,0,0,1,1,1,1,1,1,0,1,1,1,1,1,0,0,0,0,0,0,1,0,0,0,0,1,1,1,0,1,0
L_045,venus,0,1,1,0,1,1,1,0,1,0,0,1,1,1,1,0,0,0,0,1,1,1,1,1,1,0,0,1,0,0,0,1,0,1,0,0,1,1,1,0,0,1,1,0,0,1,1,1,1,1,1,1,0,0,0,1,1,0,0,0,0,0,0,1,0,0,1,0,0,0,1,1,1,0,1,1,0,1,1,1,0,1,0,0,1,1,0,1,1,0,0,1,0,1,1,1,1,0,1,0
L_046,mercury,1,0,0,1,0,0,0,0,1,0,1,1,1,1,1,0,1,1,0,0,0,1,1,1,0,1,1,1,0,1,1,1,1,0,0,0,0,0,0,0,1,1,0,0,0,1,1,0,0,0,1,0,0,0,0,1,0,0,1,0,1,0,1,1,1,1,1,1,0,0,0,1,1,1,1,0,1,1,0,0,0,1,0,0,0,0,0,1,0,0,1,0,0,1,1,0,0,1,1,1
L_047,mars,0,1,0,1,0,0,1,0,1,0,0,1,1,1,1,0,1,0,0,1,1,1,1,0,1,0,0,0,0,1,0,1,0,0,0,0,0,1,1,0,0,1,1,0,0,1,1,1,1,1,1,1,0,0,0,1,0,0,0,0,1,0,0,1,0,0,0,0,0,0,1,1,1,0,1,1,0,1,1,0,0,1,0,0,0,1,0,1,1,1,0,1,0,1,0,1,1,0,1,1
L_048,mercury,1,0,0,1,0,0,0,0,1,0,1,1,1,1,1,0,1,1,0,0,0,1,1,1,0,1,1,1,0,1,1,1,1,0,0,0,0,0,0,0,1,1,1,0,0,1,1,0,0,0,1,0,0,0,0,1,0,0,1,0,1,0,1,1,1,1,1,1,0,0,0,1,1,1,1,0,0,1,0,0,0,1,0,0,0,0,0,1,0,0,1,0,0,1,1,0,0,1,1,1
L_049,mars,0,1,0,0,0,0,1,0,1,0,0,1,1,1,1,0,1,0,0,1,1,1,1,0,1,0,0,0,0,1,0,1,0,0,0,0,1,1,1,0,0,1,1,0,0,1,1,1,1,1,1,1,0,0,0,1,0,0,0,0,1,0,0,0,0,0,0,0,0,0,1,1,1,1,1,1,0,1,1,1,0,1,0,0,0,1,0,1,1,1,0,1,0,1,1,1,1,0,1,1
L_050,saturn,1,1,0,0,1,1,0,0,0,1,0,0,0,1,1,1,0,1,1,0,0,1,1,0,1,1,1,0,0,0,0,0,0,0,0,1,0,0,1,1,1,1,1,1,1,0,1,0,1,0,0,0,0,1,0,0,0,0,0,1,1,1,1,1,1,1,0,1,0,0,0,1,1,1,0,0,1,0,1,1,1,1,1,0,0,1,1,0,0,1,0,0,0,0,1,0,1,0,1,0
L_051,pluto,1,1,0,0,1,1,1,0,0,1,0,0,0,1,1,1,0,1,1,0,0,1,1,0,1,1,1,0,0,1,0,0,0,0,1,1,0,0,1,1,1,1,1,1,1,0,1,0,1,0,0,0,0,1,0,1,0,0,0,1,0,1,1,1,1,1,0,1,0,0,0,1,1,1,1,1,1,0,0,1,1,1,1,0,0,0,0,0,0,1,0,0,0,0,1,0,1,0,1,0
L_052,mars,0,1,0,0,0,0,1,0,1,0,0,1,1,1,1,0,1,0,0,1,1,1,1,0,1,0,0,0,0,1,0,1,0,0,0,0,1,1,1,0,0,1,1,0,1,1,1,1,1,1,1,1,0,0,0,1,0,0,0,0,1,0,0,1,0,0,0,0,0,0,1,1,1,0,1,1,0,1,1,1,0,1,0,0,0,1,0,1,1,1,0,1,0,1,1,1,1,0,1,1
L_053,mercury,1,0,0,1,0,0,0,0,1,0,1,1,1,1,1,1,1,1,0,0,0,1,1,1,0,1,1,1,0,1,1,1,1,0,0,0,0,0,0,0,1,1,0,0,0,1,1,0,0,0,1,0,0,0,0,1,0,0,1,0,1,0,1,1,1,1,1,1,0,0,0,1,1,1,1,0,0,1,0,0,0,1,0,0,0,0,0,1,0,0,1,0,0,1,1,0,0,1,1,1
L_054,mars,0,1,0,0,0,0,1,0,1,0,0,1,1,1,1,0,1,0,0,1,1,1,1,0,1,0,0,0,0,1,0,1,0,0,0,0,1,1,1,0,0,1,1,0,0,1,1,1,1,1,1,1,0,0,0,1,0,1,0,0,1,0,0,0,0,0,0,0,0,0,1,1,1,0,1,1,0,1,1,1,0,1,0,0,0,1,0,1,1,1,0,1,0,1,1,1,1,0,1,1
L_055,venus,0,1,0,0,1,1,1,0,1,0,0,1,1,1,1,0,1,0,0,1,1,1,1,1,1,0,0,1,0,0,0,1,0,1,0,0,1,1,1,0,0,1,1,0,0,1,1,1,1,1,1,1,0,0,0,1,1,0,0,0,1,0,0,1,0,0,1,0,0,0,1,1,1,0,1,1,0,0,1,1,0,1,0,0,1,1,0,1,1,1,0,1,0,1,1,1,1,0,1,0
L_056,venus,0,1,0,0,1,1,1,0,1,0,0,1,1,1,1,0,0,0,0,1,1,1,1,1,1,0,0,1,0,0,0,1,0,1,0,0,1,1,1,0,0,1,1,0,0,1,1,1,1,1,1,1,0,0,0,1,1,0,0,0,1,0,0,1,0,0,1,0,0,0,1,1,1,0,1,1,0,1,1,1,0,1,0,0,1,1,0,1,1,1,0,1,0,1,1,1,1,0,1,0
L_057,venus,0,1,0,0,1,1,1,0,1,0,0,1,1,1,1,0,1,0,0,1,1,1,1,1,1,0,0,1,0,0,0,1,0,1,0,0,1,0,1,1,0,1,1,0,0,1,1,1,1,1,1,1,0,0,0,1,1,0,0,0,1,0,0,1,1,0,1,0,0,0,1,1,1,0,1,1,0,1,1,1,1,1,0,0,1,1,0,1,1,1,0,1,0,1,1,1,1,0,1,0
L_058,pluto,1,1,0,0,1,1,0,0,0,1,0,0,0,1,1,0,0,1,1,0,0,1,1,0,0,1,1,0,0,0,0,0,0,0,1,1,1,0,1,1,1,1,1,1,1,0,1,0,1,0,0,0,0,1,0,1,0,0,0,1,0,1,1,1,1,1,0,1,0,0,0,1,1,1,1,1,1,0,1,1,1,1,1,0,0,0,0,0,0,1,0,0,0,0,1,0,0,0,1,0
L_059,mars,0,1,0,0,0,0,1,0,1,0,0,1,1,1,1,0,1,0,0,1,1,1,1,0,1,0,0,0,0,1,0,1,0,0,0,0,1,1,1,0,0,1,1,0,0,1,1,1,1,1,1,1,0,0,0,1,0,0,0,0,1,0,0,1,0,0,0,0,0,0,1,1,1,0,1,1,0,1,1,1,0,1,0,0,0,1,0,1,1,1,0,1,0,1,1,1,1,0,1,1
L_060,saturn,1,1,0,0,1,1,0,0,0,1,0,0,0,1,1,1,0,1,1,0,0,1,0,0,0,1,1,0,0,0,0,0,0,0,1,1,0,0,1,1,1,1,1,1,1,0,1,0,1,0,0,0,0,1,0,0,0,0,0,1,0,0,1,1,1,1,0,1,0,0,0,0,1,1,0,1,1,0,1,1,1,1,1,0,0,1,0,0,0,1,0,0,0,0,1,0,1,0,1,0
L_061,mercury,1,0,0,1,0,0,0,0,1,0,1,1,1,1,1,0,1,1,0,0,0,1,1,1,0,1,1,1,0,1,1,1,1,0,0,0,0,0,0,0,0,1,0,0,0,1,1,0,0,0,1,0,0,0,0,1,0,0,1,0,1,0,1,1,1,1,1,1,0,1,0,1,1,1,0,0,0,1,0,0,0,1,0,0,0,0,0,1,0,0,1,0,0,1,1,0,0,1,1,1
L_062,mars,0,1,0,0,0,0,1,0,1,0,0,1,1,1,0,0,1,0,0,1,1,1,1,0,1,0,0,0,0,1,0,1,0,0,0,0,1,1,1,0,0,1,1,0,0,1,1,1,1,1,1,1,0,0,0,1,0,0,0,0,1,1,0,1,0,0,0,0,0,0,1,0,1,0,1,1,0,1,1,1,0,1,0,0,0,1,0,1,1,1,0,1,0,1,1,1,1,0,1,1
L_063,saturn,1,0,0,0,1,1,0,0,0,1,0,0,0,1,1,1,0,1,1,0,0,1,1,0,1,1,1,0,0,0,0,0,0,0,0,1,0,0,1,1,1,1,1,1,1,0,1,0,1,0,0,0,0,1,0,0,0,0,0,1,0,1,1,1,1,1,0,1,0,0,0,1,1,1,0,1,1,0,1,1,1,1,1,0,0,1,0,0,0,1,0,0,1,0,1,0,1,0,1,0
L_064,venus,0,1,0,0,1,1,1,0,1,0,0,1,1,1,1,0,1,0,0,1,1,1,1,1,1,0,0,1,0,0,0,1,0,1,0,0,1,1,1,0,0,1,1,0,0,1,1,1,1,1,1,1,0,0,0,1,1,0,0,0,1,0,0,1,0,0,1,0,0,0,1,1,1,0,1,1,0,1,1,1,0,1,0,0,1,1,0,1,1,1,0,1,0,1,1,1,1,0,1,0
L_065,venus,0,1,0,0,1,1,1,0,1,0,0,1,1,1,1,0,1,0,0,1,1,1,1,1,1,0,0,1,0,0,0,1,0,1,0,0,1,1,1,0,0,1,1,0,0,1,1,1,1,1,1,1,0,0,0,1,0,0,0,0,1,0,0,1,0,0,1,1,0,1,1,1,1,0,0,1,0,1,1,1,0,1,0,0,1,1,0,1,1,1,0,1,0,1,1,1,1,0,1,0
L_066,saturn,1,1,0,0,1,1,0,0,0,1,0,0,0,1,1,1,0,1,1,0,0,1,1,0,1,1,1,0,0,0,0,0,0,0,1,1,0,0,1,1,1,1,1,1,1,0,1,0,1,0,0,0,0,1,0,0,0,0,0,1,0,1,1,1,1,1,0,1,0,0,0,1,1,1,0,1,1,0,1,1,1,1,1,1,0,1,0,0,0,1,0,0,0,0,1,0,1,0,1,0
L_067,saturn,1,1,0,0,1,1,0,0,0,1,0,0,0,1,1,1,0,1,1,0,0,1,1,0,1,1,1,0,0,0,0,0,0,0,1,1,0,0,1,1,1,1,1,1,1,0,1,0,1,0,0,0,0,1,0,0,0,0,0,1,0,1,1,1,1,1,0,1,0,0,0,1,1,1,0,1,1,0,1,1,1,1,1,0,0,1,0,0,0,1,0,0,0,0,1,0,1,0,1,0
L_068,saturn,1,1,0,0,1,1,0,0,0,1,0,0,0,1,1,1,0,1,1,0,0,1,1,0,1,1,1,0,0,0,0,0,0,0,1,1,0,0,1,1,1,1,1,1,1,0,1,0,1,0,0,0,0,1,0,0,0,0,0,1,0,1,1,1,1,1,0,1,0,0,0,1,1,1,0,1,1,0,1,0,1,1,1,0,0,1,0,0,0,1,0,0,0,0,1,0,1,0,1,0
L_069,mars,0,1,0,0,0,0,1,0,1,0,0,1,1,1,1,0,1,0,0,1,1,1,1,0,1,0,0,0,0,1,0,1,0,0,0,0,1,1,1,0,0,1,1,0,0,1,1,1,1,1,1,1,0,0,0,1,0,0,0,0,1,0,1,1,0,0,0,0,0,0,1,1,1,0,1,1,0,0,1,1,0,1,0,0,0,1,0,1,1,1,0,1,0,1,1,1,0,0,1,1
L_070,venus,0,1,0,0,1,1,1,0,1,0,0,1,1,1,0,0,1,0,0,1,1,1,1,1,1,0,0,1,0,0,0,1,0,1,1,0,1,1,1,0,0,1,1,0,0,1,1,1,1,1,1,1,0,0,0,1,1,0,0,0,1,0,0,1,0,0,1,0,0,0,1,1,1,0,1,1,0,1,1,1,0,1,0,0,1,1,0,1,1,1,0,1,0,1,1,1,1,0,1,0
L_071,venus,0,1,0,0,1,1,1,0,1,0,1,1,1,1,1,0,1,0,0,1,1,1,1,1,1,0,0,1,0,0,0,1,1,1,0,0,1,1,1,0,0,1,1,0,0,1,1,1,1,1,1,0,0,0,1,1,1,0,0,0,1,0,0,1,0,0,1,0,0,0,1,1,1,0,1,1,0,0,1,1,0,1,0,0,1,1,0,1,1,1,0,1,0,1,1,1,1,0,1,0
L_072,pluto,1,1,0,0,1,1,0,0,0,1,0,0,0,1,1,1,0,1,1,0,0,1,1,0,1,1,1,0,0,0,0,0,0,1,1,1,1,0,1,1,1,1,1,1,1,0,1,0,1,0,0,0,0,1,0,1,0,0,0,1,0,1,1,1,1,1,1,1,0,0,1,1,1,1,1,1,1,0,1,1,1,1,1,0,0,0,0,0,0,1,0,0,0,0,1,0,1,0,1,0
L_073,pluto,1,1,0,0,1,1,0,0,0,1,0,0,0,1,1,1,0,1,1,0,0,1,1,0,1,1,0,0,0,0,0,0,0,0,1,1,0,0,1,1,1,1,0,1,1,0,0,0,1,0,0,0,0,1,0,1,0,0,0,1,0,1,1,0,1,1,0,1,0,0,0,1,1,1,1,1,1,0,1,1,1,1,1,0,0,0,0,0,0,1,0,0,0,0,1,1,1,0,1,0
L_074,mercury,1,0,0,1,0,0,0,0,1,0,1,1,1,1,1,0,1,1,0,0,0,1,1,1,0,1,1,1,0,1,1,1,1,0,0,0,0,0,0,0,1,1,0,0,0,1,1,0,0,0,1,0,0,0,0,1,0,0,1,0,1,0,0,1,1,1,1,1,0,0,0,1,1,1,1,0,0,1,0,0,0,1,0,0,0,0,0,1,0,0,1,1,0,1,1,0,0,1,1,1
L_075,saturn,1,1,0,0,1,1,0,0,0,1,0,0,0,1,1,1,0,1,1,0,0,1,1,0,1,1,1,0,0,0,1,0,0,0,1,1,0,0,1,1,0,1,1,1,1,0,1,0,1,0,0,0,0,1,0,0,0,0,0,1,0,1,1,1,1,1,0,1,0,0,0,1,1,1,0,1,1,0,1,1,1,0,1,0,0,1,0,0,0,1,0,0,0,0,1,0,1,0,0,0
L_076,mars,0,1,0,0,0,0,1,0,1,0,0,1,1,1,0,0,1,0,0,1,1,1,1,0,1,0,0,0,0,1,0,1,0,0,0,0,1,1,1,0,0,1,1,0,0,1,1,1,1,1,1,1,0,0,0,1,0,0,0,0,1,0,0,1,0,0,0,0,0,0,1,1,1,0,1,1,0,1,1,1,0,1,0,0,0,1,0,1,1,1,0,1,0,1,1,1,1,0,1,1
L_077,venus,0,1,0,0,1,1,1,0,1,0,0,1,1,1,1,0,1,0,0,1,1,1,1,1,1,1,0,1,0,0,0,1,0,1,0,0,1,1,1,0,0,1,1,0,0,1,1,1,1,1,1,1,0,0,0,1,1,0,0,0,1,0,0,1,0,0,1,0,0,0,1,1,1,0,1,1,0,1,1,1,0,1,0,0,1,1,0,1,1,1,0,1,0,1,1,1,1,0,1,0
L_078,saturn,1,1,0,0,1,1,0,0,0,1,0,0,0,1,1,1,0,1,1,0,0,1,1,0,1,1,1,0,0,0,0,0,0,0,1,1,0,0,1,1,1,1,1,1,1,0,1,0,1,0,0,0,0,1,0,0,0,0,0,1,0,1,1,1,1,1,0,1,0,0,0,1,1,1,0,1,1,0,1,1,1,0,1,0,0,1,0,0,0,1,0,0,0,0,1,0,1,0,1,0
L_079,saturn,1,1,0,0,1,1,0,0,0,1,0,0,0,1,1,1,0,1,1,0,0,1,1,0,1,1,1,0,0,0,0,0,0,0,1,1,0,0,1,1,1,1,1,1,1,0,1,0,1,0,0,0,0,1,0,0,0,0,1,1,0,1,1,1,1,1,0,1,0,0,0,1,1,1,0,1,1,0,1,1,1,1,1,0,0,1,0,0,0,1,0,0,0,0,1,0,1,0,1,0
L_080,saturn,1,1,0,0,1,1,0,0,0,1,0,0,0,1,1,1,0,1,1,0,0,1,1,0,1,1,1,0,0,0,0,0,0,0,1,1,0,0,1,1,1,1,1,1,1,0,1,0,1,0,0,0,0,1,0,0,0,0,0,1,0,1,1,0,1,1,0,1,0,0,0,1,1,1,0,1,1,0,1,1,1,1,1,0,0,1,0,0,0,1,0,0,0,0,1,0,1,0,1,0
L_081,venus,0,1,0,0,1,1,1,0,1,0,0,1,1,1,1,0,1,0,0,1,1,1,1,1,1,0,0,1,0,0,0,1,0,1,0,0,1,1,1,0,0,1,1,0,0,1,1,1,0,1,1,1,0,0,0,1,1,0,0,0,1,1,0,1,0,0,1,0,0,0,1,1,1,0,1,1,0,1,1,1,0,1,1,0,1,1,0,1,1,1,0,1,0,1,1,1,1,0,1,0
L_082,mercury,1,0,0,1,0,0,0,0,1,0,1,1,1,1,1,0,1,1,0,0,0,1,1,1,0,1,1,1,0,1,1,1,1,0,0,0,0,0,0,0,1,1,0,0,0,1,1,0,0,0,0,0,0,0,0,1,0,0,1,0,1,0,1,1,1,1,1,1,0,0,0,1,1,1,1,1,0,1,0,0,0,1,0,0,0,1,0,1,1,0,1,0,0,1,1,0,0,1,1,1
L_083,mercury,1,0,0,1,0,0,0,0,1,0,1,1,1,1,1,0,1,1,0,1,0,1,1,1,0,1,1,1,0,1,1,1,1,0,0,0,0,0,0,0,1,1,0,0,0,1,1,0,0,0,1,0,0,0,0,1,0,0,1,0,1,0,1,1,1,1,1,1,0,0,0,1,1,1,1,0,0,1,0,0,0,1,0,0,0,0,0,1,0,0,1,0,0,1,1,0,0,1,1,1
L_084,pluto,1,1,0,1,1,1,0,0,0,1,0,0,0,1,1,1,0,1,1,0,0,1,1,0,1,1,0,0,0,0,0,0,0,0,1,1,0,0,1,1,1,1,1,1,1,0,1,0,1,0,0,0,0,1,1,1,0,0,0,1,0,1,1,1,1,1,0,1,0,0,0,1,1,1,1,1,1,0,1,1,1,1,1,0,0,0,0,0,0,1,0,0,0,0,1,0,1,0,1,0
L_085,pluto,0,1,0,0,1,1,0,0,0,1,0,0,0,1,0,1,0,1,1,0,0,1,1,0,1,1,1,0,0,0,0,0,0,0,1,1,0,0,1,1,1,1,1,1,1,0,1,0,1,0,0,0,0,1,0,1,0,0,0,1,0,1,1,1,1,0,0,1,0,0,0,1,1,1,1,1,1,0,1,1,1,1,1,0,0,0,0,0,0,1,0,0,0,0,1,0,1,0,1,0
L_086,mars,0,1,0,0,0,0,1,0,1,0,0,1,1,1,1,0,1,0,0,1,1,1,1,0,1,0,0,0,0,1,0,1,0,0,0,0,1,1,1,0,0,1,1,0,0,1,1,0,1,1,1,1,0,0,0,1,0,0,0,0,1,0,0,1,0,0,0,0,0,0,1,1,1,0,1,1,0,1,1,1,0,1,0,0,0,1,0,1,1,1,0,1,0,1,1,1,1,0,1,1
L_087,saturn,1,1,1,0,1,1,0,0,0,1,0,0,0,1,1,1,0,1,1,0,0,1,1,0,1,1,1,0,0,0,0,1,0,0,1,1,0,0,1,1,1,1,1,1,1,0,1,0,1,0,0,0,0,1,0,0,0,0,0,1,0,1,1,1,1,1,0,1,0,0,0,1,1,1,0,1,1,0,1,1,1,1,1,0,0,1,0,0,0,1,0,0,0,1,1,1,1,0,1,0
L_088,mars,0,0,0,0,0,0,1,0,1,0,0,1,1,1,1,0,1,0,0,1,1,1,1,1,1,0,0,0,0,1,0,1,0,0,0,0,1,1,1,0,0,1,1,0,0,1,1,1,1,1,1,1,0,0,0,1,0,0,0,0,1,0,0,1,0,0,1,0,0,0,1,1,1,0,1,1,0,1,1,1,0,1,0,0,0,1,0,1,1,1,0,1,0,1,1,1,1,0,1,1
L_089,mercury,1,0,0,1,0,0,0,0,1,0,1,1,1,1,1,0,1,1,0,0,0,1,1,1,0,1,1,1,0,1,1,1,1,0,0,0,0,0,0,0,1,1,0,0,0,1,1,0,0,0,1,0,0,0,0,1,0,0,1,0,1,0,1,1,1,1,1,1,0,0,0,1,1,1,1,0,0,1,0,0,0,1,0,0,0,0,0,1,0,0,1,0,0,1,1,0,0,1,1,1
L_090,venus,0,1,0,0,1,1,1,0,1,0,0,1,1,1,1,0,1,0,0,1,1,1,1,1,1,0,0,1,0,0,0,1,0,1,0,0,1,1,1,0,0,1,1,0,0,1,1,1,1,1,1,1,0,0,0,1,1,0,0,0,1,0,0,1,0,0,1,0,0,0,1,1,1,0,1,1,0,1,1,1,0,1,0,0,1,1,0,1,1,1,0,1,0,1,1,1,1,0,1,0
L_091,mars,0,1,0,0,0,0,1,1,1,0,0,1,1,1,1,0,1,0,0,1,1,1,1,1,1,0,0,0,0,1,0,1,0,0,0,0,1,1,1,0,0,1,1,0,0,1,1,1,1,1,1,1,0,0,0,1,0,0,0,0,1,0,0,1,1,0,0,0,0,0,1,1,1,0,1,1,0,1,1,1,0,1,0,0,0,1,1,1,1,1,0,1,0,1,1,1,1,0,1,1
L_092,venus,0,1,0,1,1,1,1,0,1,0,0,1,1,1,1,0,1,0,0,1,1,1,1,1,1,0,0,1,0,0,0,1,0,1,0,0,1,1,1,0,0,1,1,0,0,1,1,1,1,1,1,1,0,0,0,0,1,0,0,0,1,0,0,1,0,0,1,0,0,0,1,1,1,0,1,1,0,1,1,1,0,1,0,0,1,1,0,1,1,1,0,1,0,1,1,1,1,0,1,0
L_093,mercury,1,0,0,1,0,0,0,0,1,0,1,1,1,1,1,0,1,1,0,0,0,1,1,1,0,1,1,1,0,1,1,1,1,0,0,0,0,0,0,0,1,1,0,0,0,1,1,0,0,0,1,0,0,0,0,1,0,0,1,0,1,0,1,1,1,1,1,1,0,0,0,1,1,1,1,0,0,1,0,0,0,1,0,0,0,1,0,1,0,0,1,0,0,1,1,0,0,1,1,1
L_094,venus,0,1,0,0,1,1,1,0,1,0,0,1,1,1,1,0,1,0,0,1,1,1,1,1,1,0,0,1,0,0,0,1,0,0,0,0,1,1,1,0,0,1,1,0,0,1,1,1,1,1,1,1,0,0,0,1,1,0,0,0,1,0,0,1,0,0,1,0,0,1,1,1,1,0,1,1,0,1,1,1,0,1,1,0,1,0,1,1,1,1,0,1,0,1,1,1,1,0,1,0
L_095,pluto,1,1,0,0,1,1,0,0,0,1,0,0,0,1,1,1,0,1,1,0,0,1,1,0,1,1,1,0,0,0,0,0,0,0,1,1,0,0,1,1,1,1,1,1,1,0,1,0,1,0,0,0,0,1,0,1,0,0,0,1,0,1,1,1,1,1,0,1,0,1,0,1,1,1,1,1,1,0,1,1,1,1,1,0,0,0,0,0,0,1,0,0,0,0,1,0,1,0,1,0
L_096,saturn,1,1,0,0,1,1,0,0,0,1,0,0,0,1,1,1,0,1,1,0,1,1,1,0,1,1,1,0,0,0,0,0,0,0,1,1,0,0,1,1,1,1,1,1,1,0,1,0,1,0,0,0,0,1,0,0,0,0,1,1,0,1,1,1,1,1,0,1,0,0,0,1,1,1,0,1,1,0,1,1,1,1,1,1,0,1,0,0,0,1,0,0,0,0,1,0,1,0,1,0
L_097,venus,0,1,0,0,1,1,1,0,1,0,0,1,1,1,1,0,1,0,0,1,1,1,1,1,1,0,0,1,0,0,0,1,0,1,0,0,0,1,1,0,0,1,1,0,0,1,1,1,1,1,1,0,0,0,0,1,1,0,0,0,1,0,0,1,0,0,0,0,0,0,1,1,1,0,1,1,0,1,1,1,0,1,0,0,1,1,0,1,1,1,0,1,0,1,1,1,1,0,1,0
L_098,venus,0,1,0,0,1,1,1,0,1,0,0,1,1,1,1,0,1,0,0,1,1,1,1,1,1,0,0,1,0,0,0,1,0,1,0,0,1,1,1,0,0,1,1,0,0,1,1,1,1,1,1,1,0,0,0,1,1,1,0,0,1,0,0,1,0,0,1,0,0,0,1,1,1,0,1,1,0,1,1,1,0,1,0,0,1,1,0,1,1,1,0,1,0,1,1,1,1,0,1,0
L_099,saturn,1,1,0,0,1,1,0,0,0,1,0,0,0,1,1,1,0,1,1,0,0,1,1,0,1,1,1,0,0,0,0,0,0,0,1,1,0,0,1,1,1,1,1,1,1,0,1,1,1,0,0,0,0,1,0,0,0,0,0,1,1,1,1,1,1,1,0,1,0,0,0,1,1,1,0,1,1,0,1,1,1,1,1,0,0,1,0,0,0,1,0,0,0,0,1,0,1,0,1,0
L_100,saturn,1,1,0,0,1,1,0,0,0,1,0,0,0,1,1,1,0,1,1,0,0,1,1,0,1,1,1,0,0,0,0,0,0,0,1,1,0,0,0,1,1,1,1,1,1,0,1,0,1,0,0,0,0,1,0,0,0,0,0,1,0,1,1,1,1,1,0,1,0,0,0,1,0,0,0,1,1,0,1,1,1,1,1,0,0,1,0,0,0,1,0,0,0,0,1,0,1,0,1,0
L_101,mercury,1,0,0,1,0,0,0,0,1,0,1,1,1,1,1,0,1,1,0,0,0,1,1,1,0,1,1,1,1,1,1,1,1,0,0,0,0,0,0,0,1,1,0,0,0,1,1,0,0,0,1,0,0,0,0,1,0,0,1,0,1,0,1,1,1,1,1,1,0,0,0,1,1,1,1,0,0,1,0,0,0,1,0,0,0,0,0,1,0,0,1,0,0,1,1,0,0,1,1,1
L_102,saturn,1,1,0,0,1,1,0,0,0,1,0,0,0,1,1,1,0,1,1,0,0,1,1,0,1,1,1,0,0,0,0,0,1,0,1,1,0,0,1,1,1,1,1,1,1,0,1,1,1,0,0,0,0,1,0,0,0,0,0,1,0,1,1,1,1,1,0,1,0,0,0,1,1,1,0,1,1,0,1,1,1,1,1,0,0,1,0,0,0,1,0,0,0,0,0,0,1,0,1,0
L_103,pluto,1,1,0,0,1,1,0,0,0,1,0,0,0,1,1,1,0,1,1,0,0,1,1,0,1,1,1,0,0,0,0,0,0,0,1,1,0,0,1,1,1,1,1,1,1,0,1,0,1,0,0,0,0,1,0,1,0,0,0,1,0,1,1,1,1,1,0,1,0,0,0,1,1,1,1,1,1,0,1,1,1,1,1,0,0,0,0,0,0,1,0,0,0,0,1,0,1,0,1,0
L_104,pluto,1,1,0,0,1,1,0,0,0,1,0,0,0,1,1,1,0,1,1,0,0,1,1,0,1,1,0,0,0,0,0,0,0,0,1,1,0,0,1,1,1,1,0,1,1,0,1,0,1,0,0,0,0,1,0,1,0,0,0,1,0,1,1,1,1,1,0,1,0,0,0,1,1,1,1,1,1,0,1,1,1,1,1,0,0,0,0,0,0,1,0,0,0,0,1,0,1,0,1,0
L_105,pluto,1,1,0,0,1,1,0,0,1,1,0,0,0,1,1,1,0,1,1,0,0,1,1,0,1,1,1,0,0,0,0,0,0,0,1,1,0,0,1,1,1,1,1,1,0,0,1,0,1,0,0,0,0,1,0,1,0,0,0,1,0,1,1,1,1,1,0,1,0,0,0,1,1,1,1,1,1,0,1,1,1,1,1,0,0,0,0,0,0,1,0,0,0,0,1,0,1,0,1,0
L_106,mercury,1,0,0,1,0,0,0,0,1,0,1,1,1,1,0,0,1,1,0,0,0,1,1,1,0,1,1,1,0,1,1,1,1,0,0,0,0,0,0,0,1,1,0,0,0,1,1,0,0,0,1,0,0,0,0,1,0,0,1,0,1,0,1,1,1,1,1,1,0,0,0,1,1,1,1,0,0,1,0,0,0,0,0,0,0,0,0,1,0,0,1,0,0,1,1,0,0,1,1,1
L_107,pluto,1,1,0,0,1,1,0,0,0,1,0,0,0,1,1,1,0,1,1,0,0,1,1,0,1,1,1,0,0,0,0,0,0,0,1,1,0,0,1,1,1,1,1,1,1,0,1,0,1,0,0,0,0,1,0,1,0,0,0,1,0,1,1,1,1,1,0,1,0,0,0,1,1,1,1,1,1,0,1,1,1,1,1,0,0,0,0,0,0,1,0,0,0,0,1,0,1,0,1,0
L_108,saturn,1,1,0,0,0,1,0,0,0,1,0,0,0,1,1,1,0,1,1,0,0,1,1,1,1,1,1,0,0,0,0,0,0,0,1,1,0,0,1,1,1,1,1,1,1,0,0,0,1,0,0,1,0,1,0,0,1,0,0,1,0,1,1,1,1,1,0,1,0,0,0,1,1,1,0,1,0,1,1,1,1,1,1,0,0,1,0,0,0,1,0,0,0,0,1,1,1,0,1,0
L_109,saturn,1,1,0,0,1,0,0,0,0,1,0,0,0,1,1,0,0,1,1,0,0,1,1,0,1,1,1,0,0,0,0,0,0,0,1,1,1,0,1,1,1,1,1,1,1,0,0,0,1,0,0,0,0,1,0,0,0,0,0,1,0,1,1,1,1,1,0,1,0,0,0,1,1,1,0,1,1,0,1,1,1,1,1,0,0,1,0,0,0,1,0,0,0,0,1,0,1,0,1,0
L_110,saturn,1,1,0,0,1,1,0,0,0,1,0,0,0,1,1,1,0,1,1,0,0,1,1,0,1,1,1,0,0,0,0,0,0,0,1,1,0,0,1,1,1,1,1,1,1,0,1,0,1,1,0,0,0,1,0,0,0,0,0,1,0,1,1,1,1,1,0,1,0,0,0,1,1,1,0,1,1,0,1,1,1,1,1,0,0,1,0,0,0,1,0,0,0,0,1,0,1,0,1,0
L_111,saturn,1,1,0,0,1,1,0,0,0,1,0,0,0,1,1,1,0,1,1,0,0,1,1,0,1,1,1,0,0,0,0,0,0,0,1,1,0,0,1,1,1,1,1,1,1,0,1,0,1,0,0,0,0,1,0,0,0,0,0,1,1,1,1,1,1,1,0,1,0,0,0,1,1,1,0,1,1,0,1,1,1,1,1,0,0,1,0,0,0,1,0,0,0,0,1,0,1,0,1,0
L_112,venus,0,1,0,1,1,1,1,0,1,0,0,1,1,1,1,0,1,0,0,1,1,1,0,1,1,0,0,1,0,0,0,1,0,1,0,0,1,1,1,0,0,1,1,0,0,1,1,1,1,1,1,1,0,0,0,1,1,0,0,0,1,0,0,1,0,0,1,0,0,0,1,1,1,0,1,1,0,1,1,1,0,1,0,0,1,1,0,1,1,1,0,1,0,1,1,1,1,0,1,0
L_113,pluto,1,1,0,0,0,1,0,0,0,1,0,0,0,1,1,1,0,1,1,0,0,1,1,0,1,1,1,0,0,0,0,0,0,0,1,1,0,0,1,1,1,1,1,1,1,0,1,0,1,0,0,0,1,1,0,1,0,0,0,1,0,1,1,1,1,1,0,1,0,0,0,1,1,1,1,1,1,0,1,1,1,1,1,0,0,0,0,0,0,1,0,0,0,0,1,0,1,0,1,0
L_114,mars,0,0,0,0,0,0,1,0,1,1,0,1,1,1,1,0,1,0,0,1,1,1,1,0,1,0,0,0,0,1,0,1,0,0,0,0,1,1,1,0,0,1,1,0,0,1,1,1,1,0,1,1,0,0,0,1,0,0,0,0,1,0,0,1,0,0,0,0,0,0,1,1,1,0,1,1,0,1,1,1,0,1,0,0,0,1,0,1,1,1,0,1,0,1,1,1,1,0,1,1
L_115,mars,0,1,0,0,0,0,1,0,1,0,0,1,1,1,1,0,1,0,0,1,1,1,1,0,1,0,0,0,0,1,0,1,0,0,0,0,1,1,1,0,0,1,1,0,0,1,0,1,1,1,1,1,0,0,0,1,0,0,0,0,1,0,0,1,0,0,0,0,0,0,1,1,1,0,1,1,0,1,1,1,0,1,0,0,0,1,0,1,1,1,0,1,0,1,1,1,1,0,1,1
L_116,pluto,1,1,0,0,1,1,0,0,0,1,0,0,0,1,1,1,0,1,1,0,0,1,1,0,1,1,1,0,0,0,0,0,0,0,1,1,0,0,1,1,1,1,1,1,1,0,1,0,1,0,0,0,0,1,0,1,0,0,0,1,0,1,1,1,1,1,0,1,0,0,0,1,0,1,1,1,1,0,1,1,1,1,1,0,0,0,0,0,0,1,0,0,0,0,1,0,1,0,1,0
L_117,mercury,1,0,0,1,0,0,0,0,1,0,1,1,1,1,1,0,1,1,0,0,0,1,1,1,0,1,1,1,0,0,1,1,1,0,0,0,0,0,0,0,1,1,0,0,0,1,1,0,0,0,1,0,0,0,0,1,1,0,1,0,1,0,1,1,1,1,1,1,0,0,0,1,1,1,1,0,0,1,0,0,0,1,0,0,0,0,0,1,0,0,1,0,0,1,1,0,0,1,1,1
L_118,pluto,1,1,0,0,1,1,0,0,0,1,0,0,0,1,1,1,0,0,1,0,0,1,1,0,1,1,1,0,0,0,0,0,0,0,1,1,0,0,1,1,1,1,1,1,1,0,1,0,1,0,0,0,0,1,0,1,0,0,0,1,0,1,1,1,1,1,0,1,0,1,0,1,1,1,1,1,1,0,1,1,1,1,1,0,0,0,0,0,0,1,0,0,0,0,1,0,1,0,1,0
L_119,venus,0,1,0,0,1,1,1,0,1,0,0,1,1,1,1,0,1,0,0,1,1,1,1,1,1,0,0,1,0,0,0,1,0,1,0,0,1,1,1,0,0,1,1,0,0,1,1,1,1,1,1,1,0,0,0,1,1,0,0,0,1,0,0,1,0,0,1,0,0,0,1,1,1,0,1,1,0,1,1,1,0,1,0,0,1,1,0,1,1,1,0,1,0,1,1,1,1,0,1,0
L_120,saturn,0,1,0,0,1,1,0,0,0,1,0,0,0,1,1,1,0,1,1,0,0,1,1,0,1,1,1,0,0,0,0,0,0,0,1,1,0,0,1,1,1,1,1,1,1,0,1,0,1,0,0,0,0,1,0,0,0,0,0,0,0,1,1,1,1,1,0,1,0,0,0,1,1,1,0,1,1,0,1,1,1,1,1,0,0,1,0,1,0,1,0,0,0,0,1,0,1,0,1,0
L_121,mercury,1,0,0,1,0,0,0,0,1,0,1,1,1,1,1,0,1,1,0,0,0,1,1,1,0,1,1,1,0,1,1,1,1,0,0,0,0,0,0,0,1,1,0,0,0,1,1,0,0,0,1,0,0,0,0,1,0,0,1,0,1,0,1,1,1,1,1,1,0,0,0,1,1,1,1,0,0,1,0,0,0,1,0,0,0,0,0,1,0,0,1,0,0,1,1,0,0,1,1,1
L_122,saturn,1,1,0,0,1,1,0,0,0,1,0,0,0,1,1,1,0,1,0,0,1,1,1,0,1,1,1,0,0,0,0,0,0,1,1,1,0,0,1,1,1,1,1,1,1,0,1,0,1,0,0,0,0,1,0,0,0,0,0,1,0,1,1,1,1,1,0,1,0,0,0,1,1,1,0,1,1,0,1,1,1,1,1,0,0,1,0,0,0,1,0,0,0,0,1,0,1,0,1,0
L_123,pluto,1,1,0,0,1,1,0,0,0,1,0,0,0,1,1,1,0,1,1,0,0,1,1,0,1,1,1,0,0,0,0,0,0,0,1,1,0,0,1,1,1,1,1,1,1,0,1,0,1,0,0,0,0,1,0,1,0,0,0,1,0,1,1,1,1,1,0,1,0,0,0,1,1,1,1,1,1,0,1,1,1,1,1,0,0,0,0,0,0,1,0,0,0,0,1,0,1,0,1,0
L_124,mars,0,1,0,0,0,0,1,0,1,0,0,1,1,1,1,0,1,0,0,1,1,1,1,0,1,0,0,0,0,1,0,1,0,0,0,0,1,1,1,0,0,1,1,0,0,1,1,1,1,1,1,1,0,0,0,1,0,0,0,0,1,0,1,1,0,0,0,0,0,0,1,1,1,0,1,1,0,1,1,1,0,1,0,0,0,1,0,1,1,1,0,1,0,1,1,1,1,0,1,1
L_125,mercury,1,0,0,1,0,0,0,0,1,0,1,0,1,1,1,0,1,1,0,0,0,1,1,1,0,1,1,1,0,1,1,1,1,0,0,0,0,0,0,0,1,1,0,0,0,1,1,0,0,0,1,0,0,0,0,1,0,0,1,0,1,0,0,1,0,1,1,1,1,0,1,1,1,1,1,0,0,1,0,0,0,1,0,0,0,0,0,1,0,1,1,0,0,1,1,0,0,1,1,1
L_126,saturn,1,1,0,0,1,1,0,0,0,1,0,0,0,1,1,1,1,1,1,0,0,1,0,0,1,1,1,0,0,0,0,0,0,0,1,1,0,0,1,1,1,1,1,1,1,0,1,0,1,0,0,0,0,1,0,0,0,0,0,1,0,1,1,1,1,1,0,1,0,0,0,1,1,1,0,1,1,1,1,1,1,1,1,0,0,1,0,0,0,1,0,0,0,0,1,0,1,0,1,0
L_127,pluto,1,1,0,0,1,1,0,0,0,1,0,0,0,1,1,1,0,1,1,0,0,1,1,0,1,1,1,0,0,0,0,0,0,0,1,1,1,0,1,1,1,1,1,1,1,0,1,0,1,0,0,0,0,1,0,1,0,0,0,1,0,1,1,1,1,1,0,1,0,0,0,1,1,1,1,1,1,0,1,1,1,1,1,0,0,0,0,0,0,1,0,0,0,0,1,1,1,0,1,0
L_128,saturn,1,1,0,0,1,1,0,0,0,1,0,0,0,1,1,1,0,1,1,0,0,1,1,0,1,1,1,0,0,0,0,0,0,0,1,1,0,0,1,1,1,1,1,1,1,0,1,0,1,0,0,0,0,1,0,0,0,0,0,1,0,1,1,1,1,1,0,1,0,0,0,1,1,1,0,1,1,0,1,1,1,1,1,0,0,1,0,0,0,1,0,0,0,0,1,0,1,0,1,0
L_129,pluto,1,1,0,0,1,1,0,0,0,1,0,0,0,1,1,1,0,1,1,0,0,1,1,0,1,1,1,0,0,0,0,0,0,0,1,1,0,0,1,1,1,1,1,1,0,0,1,0,1,0,0,0,0,1,0,1,0,1,0,1,0,1,1,1,1,1,0,1,0,0,0,1,1,1,1,1,1,0,1,1,1,1,1,0,0,0,0,0,0,1,0,0,0,0,1,0,1,0,1,0
L_130,venus,0,1,0,0,1,1,1,0,1,0,0,1,1,1,1,0,1,1,0,1,1,1,1,1,1,0,0,1,0,0,0,1,0,1,0,0,1,1,1,0,0,1,1,0,0,1,1,1,1,1,1,1,0,1,0,1,1,0,0,0,1,0,0,1,0,0,1,0,0,0,1,1,1,0,1,1,0,1,1,1,0,1,0,0,1,1,0,1,1,1,0,1,0,1,1,1,1,0,1,0
L_131,saturn,1,1,0,0,1,1,0,0,0,1,0,0,0,1,1,1,0,1,1,0,1,1,1,0,1,1,1,0,0,0,0,0,0,0,1,1,0,0,1,1,1,1,1,1,1,0,1,0,1,0,0,0,0,1,0,0,0,0,0,1,0,1,1,1,1,1,0,1,0,0,0,1,1,1,0,1,1,0,1,1,1,1,1,1,0,1,0,0,0,1,0,0,0,0,1,0,1,0,1,0
L_132,saturn,1,1,0,0,1,1,0,0,0,1,0,0,0,1,1,1,0,1,1,0,0,1,1,0,1,1,1,0,0,0,0,0,0,0,1,1,0,0,1,1,1,1,1,1,1,0,1,0,1,0,0,0,0,1,0,0,1,0,0,1,0,1,1,1,1,1,0,1,0,0,0,1,1,1,0,1,1,0,1,1,1,1,1,0,0,1,0,0,0,1,0,0,0,0,1,0,1,0,1,0
L_133,venus,0,1,0,0,1,1,1,0,1,0,0,1,1,1,1,0,1,0,0,1,1,1,1,1,1,0,0,1,0,0,0,1,0,1,0,0,1,1,1,0,0,1,1,0,0,1,1,1,1,1,1,1,0,0,0,1,1,0,0,0,1,0,0,0,0,0,1,0,0,0,1,1,1,0,1,1,0,1,1,1,0,1,0,0,1,1,0,1,1,1,0,0,0,1,1,1,1,0,1,0
L_134,pluto,1,1,0,0,1,1,0,0,0,1,0,0,0,1,1,1,0,1,1,0,0,1,1,0,1,1,1,0,0,0,0,0,0,0,1,1,0,0,1,1,1,1,1,1,1,0,1,0,1,0,0,0,0,1,0,1,0,0,0,1,0,1,1,1,1,1,0,1,0,0,0,1,1,1,1,1,1,0,1,1,1,1,1,0,0,0,0,0,0,1,0,0,0,0,1,0,1,0,1,0
L_135,saturn,1,1,0,1,1,1,0,0,0,1,0,0,0,1,1,1,0,1,1,0,0,1,1,0,1,1,1,0,0,0,0,0,0,0,1,1,0,0,1,1,1,1,1,1,1,0,1,0,1,0,0,0,0,1,0,0,0,0,0,1,0,1,1,1,1,1,0,1,0,0,0,1,1,0,0,1,1,0,1,1,1,1,1,0,0,1,0,0,0,1,0,0,0,0,1,0,1,0,0,0
L_136,pluto,1,1,0,0,1,1,0,0,0,1,0,0,0,1,1,1,0,1,1,0,0,1,1,0,1,1,1,0,0,0,0,0,0,0,1,1,0,0,1,1,1,1,1,1,1,1,1,0,1,0,0,0,0,1,0,1,0,0,0,1,0,1,1,1,1,1,0,1,0,0,0,0,1,1,1,0,1,0,1,1,1,1,1,0,0,0,0,0,0,1,0,0,0,0,1,0,1,0,1,0
L_137,pluto,1,1,0,0,1,1,0,0,0,1,0,0,0,1,1,1,0,1,1,0,1,1,1,0,1,1,1,0,0,0,0,0,0,0,1,1,1,0,1,1,1,1,1,1,1,0,1,0,1,0,0,0,0,1,0,1,0,0,0,1,0,1,1,1,1,1,0,1,0,0,0,1,1,1,1,1,1,0,1,1,1,1,1,0,0,0,1,0,0,1,0,0,0,0,1,1,1,0,1,0
L_138,mercury,1,0,0,1,0,0,0,0,1,0,1,1,1,1,1,0,1,1,0,0,0,1,1,1,0,1,1,1,0,1,1,1,1,0,0,0,0,0,0,0,1,1,0,0,0,1,1,0,0,0,1,0,0,0,0,1,0,0,1,0,1,0,1,1,1,1,1,1,0,0,0,1,1,0,1,0,0,1,0,0,0,1,0,0,0,0,0,1,0,0,1,0,0,1,1,0,0,1,1,1
L_139,pluto,1,1,0,0,1,1,0,0,0,1,0,0,0,1,1,1,0,1,1,0,0,1,1,0,1,1,0,0,0,0,0,0,0,0,1,1,0,0,1,1,1,1,1,1,1,0,1,0,1,0,0,0,0,1,0,1,0,0,0,1,0,1,0,1,1,1,0,1,0,0,0,1,1,1,1,1,1,0,1,1,1,1,1,0,0,0,0,0,0,1,0,0,0,0,1,0,1,0,1,0
L_140,pluto,1,1,0,0,1,1,0,0,0,1,0,0,0,1,1,1,0,1,1,0,0,1,1,0,1,1,1,0,0,0,0,0,0,0,1,1,0,0,1,1,1,1,1,1,1,0,1,0,1,0,0,0,0,1,0,1,0,0,0,1,0,1,1,1,1,1,0,1,0,0,0,1,1,1,1,1,1,0,1,1,1,1,1,0,0,0,0,0,0,1,0,0,0,0,1,0,1,0,1,0
L_141,venus,0,1,0,0,1,1,1,0,1,0,0,1,1,1,1,0,1,0,0,1,1,1,1,1,1,0,0,0,0,0,0,1,0,1,0,0,1,1,1,0,0,1,1,0,0,1,1,1,1,1,1,0,0,0,0,1,1,0,0,0,1,0,0,1,0,0,1,0,0,0,1,1,1,0,1,1,0,1,1,1,0,1,0,0,1,1,0,1,1,1,0,1,0,1,1,1,1,0,1,1
L_142,mercury,1,0,0,1,0,0,0,0,1,0,1,1,1,1,1,0,1,1,0,0,0,1,1,1,0,1,1,1,0,1,1,1,1,0,0,0,0,0,0,1,1,1,0,0,0,1,1,0,0,0,1,0,0,0,0,1,0,0,1,0,1,0,1,1,1,1,1,1,0,0,0,1,1,1,1,0,0,1,0,0,0,1,0,0,0,0,0,1,0,0,1,0,0,1,1,0,0,1,1,0
L_143,venus,0,1,0,0,1,1,1,0,1,0,0,1,1,1,1,0,1,0,0,1,1,1,1,1,1,0,0,1,0,0,0,1,0,1,0,0,1,1,1,0,0,1,1,0,1,1,1,1,1,1,1,1,0,0,1,1,1,0,0,0,1,0,0,1,0,0,1,0,0,0,1,1,1,0,1,1,0,1,1,1,0,1,0,0,1,1,0,1,1,1,0,1,0,1,1,1,1,0,1,0
L_144,venus,0,1,0,0,0,1,1,0,1,0,0,1,1,1,1,0,1,0,0,1,1,1,1,1,1,0,0,1,0,0,0,1,0,1,0,0,1,1,1,0,0,1,0,0,0,1,1,1,1,1,1,1,0,0,0,1,1,0,0,0,1,0,0,1,0,0,1,0,0,0,1,1,1,0,1,1,0,1,1,1,0,1,0,0,1,1,0,1,1,1,0,1,0,1,1,1,1,0,1,0
L_145,saturn,1,1,0,0,1,1,0,0,0,1,0,0,0,1,1,1,0,1,1,0,0,1,1,0,1,1,1,0,0,0,0,0,0,0,1,1,0,0,1,1,1,1,1,1,1,0,1,0,1,0,0,0,0,1,0,0,0,0,0,1,0,1,1,1,1,1,0,1,0,0,0,1,1,1,0,1,1,0,1,1,1,1,1,0,0,0,0,0,0,1,0,0,0,1,1,0,1,0,1,0
L_146,pluto,1,1,0,0,1,1,0,0,0,1,0,0,0,1,1,1,0,1,1,0,0,1,1,0,1,1,1,0,0,0,0,0,0,0,1,1,0,0,1,1,1,1,1,1,1,0,1,0,1,0,0,0,0,1,0,1,0,0,0,1,0,1,1,1,1,1,0,1,0,0,0,1,1,1,1,1,1,0,1,1,1,1,1,0,0,0,1,0,0,1,0,0,0,0,0,0,1,0,1,0
L_147,saturn,1,1,0,0,1,1,0,0,0,1,0,0,0,1,1,1,0,1,1,0,0,1,1,0,1,1,1,0,0,0,0,0,0,0,1,1,0,0,1,1,1,1,1,1,1,0,1,0,1,0,0,0,0,1,0,0,0,0,0,1,0,1,1,1,1,1,0,1,0,0,0,1,1,1,0,1,1,0,1,1,1,1,1,0,0,1,0,0,0,1,0,0,0,0,1,0,1,0,1,0
L_148,venus,0,1,0,0,1,1,1,0,1,0,0,1,1,1,1,0,1,0,0,1,1,1,1,1,1,0,0,1,0,0,0,1,0,1,0,0,1,1,1,0,0,1,1,0,0,1,1,1,1,1,1,1,0,0,0,1,1,0,0,0,1,0,0,1,0,0,1,0,0,0,1,1,1,0,1,1,0,1,1,1,0,1,0,0,1,1,0,1,1,1,0,1,0,1,0,1,1,1,1,0
L_149,venus,0,1,0,0,1,1,1,0,1,0,0,1,1,1,1,0,1,0,0,1,1,1,1,1,1,0,0,1,0,0,0,1,0,1,0,0,1,1,1,0,0,1,1,0,0,1,1,1,1,1,1,1,0,0,0,1,1,0,0,0,1,0,0,1,0,0,1,0,0,0,1,1,1,0,1,1,0,1,1,1,0,1,0,0,1,1,0,1,1,1,0,1,0,1,1,1,1,0,1,0
L_150,mercury,1,0,0,1,0,0,0,0,1,1,1,1,1,1,1,0,1,1,0,0,0,1,1,1,0,1,1,1,0,1,1,1,1,0,0,0,0,0,0,0,0,1,0,0,0,1,1,0,0,0,1,0,0,0,0,1,0,0,1,0,1,0,1,1,0,1,1,1,0,0,0,1,1,1,1,0,0,1,0,0,0,1,0,0,0,0,0,1,0,0,1,0,0,1,1,0,0,1,1,1
L_151,mercury,1,0,0,1,0,0,0,0,1,0,1,1,1,1,1,0,1,1,0,0,0,1,1,1,0,1,1,1,0,1,1,1,1,0,0,0,0,0,0,0,1,1,0,0,1,1,1,0,0,1,1,0,0,0,0,1,0,0,1,0,1,0,1,1,1,1,1,1,0,0,0,1,1,1,1,0,0,1,0,0,0,0,0,0,0,0,1,1,0,0,1,0,0,1,1,0,0,1,1,1
L_152,pluto,1,1,0,0,1,1,0,0,0,1,0,0,0,1,1,1,0,1,1,0,0,1,1,0,1,1,1,0,0,0,0,0,0,0,1,1,0,0,1,1,1,1,1,1,1,0,1,0,1,0,0,0,0,1,0,1,0,0,0,1,0,1,1,0,1,1,0,1,0,0,1,1,1,1,1,1,1,1,1,1,1,1,1,0,0,0,0,0,0,1,0,0,0,0,1,0,1,0,1,0
L_153,venus,0,1,0,0,1,1,1,0,1,0,0,1,1,1,1,0,1,0,0,1,1,1,1,1,1,0,0,1,0,0,0,1,0,1,0,0,1,1,1,0,0,1,1,0,0,1,1,1,1,1,1,1,0,0,0,1,1,0,0,0,1,0,0,1,0,0,1,1,0,0,1,1,1,0,1,1,0,1,1,1,0,1,0,0,1,1,0,1,1,1,0,1,0,1,1,1,1,0,1,0
L_154,mercury,1,0,0,1,0,0,0,0,1,0,1,0,1,1,1,0,1,1,0,0,0,1,1,1,0,1,1,1,0,1,1,1,1,0,0,0,0,0,0,0,1,1,0,0,0,1,1,0,0,0,1,0,0,0,0,1,0,0,1,0,1,0,1,1,1,1,1,1,0,0,0,1,1,1,1,0,0,1,0,0,0,0,0,0,0,0,0,1,0,0,1,0,0,1,1,0,0,1,1,1
L_155,mars,0,1,0,0,0,0,1,0,1,0,0,1,1,1,1,0,1,0,0,1,1,1,1,0,1,0,0,0,0,1,0,1,0,0,0,0,1,0,1,0,0,1,1,0,0,1,1,1,1,1,1,1,0,0,0,1,0,0,0,0,1,0,0,1,0,0,0,0,0,0,1,1,1,0,1,1,0,1,0,1,0,1,0,0,0,1,0,1,1,1,0,1,0,1,1,1,1,0,1,1
L_156,venus,0,1,0,0,1,1,1,0,1,0,0,1,0,1,0,0,1,0,0,1,1,1,1,1,1,0,0,1,0,0,0,1,0,1,0,0,1,1,1,0,0,1,1,0,0,1,1,1,1,1,1,1,0,0,0,1,1,0,0,0,1,0,0,1,0,0,1,0,0,0,1,1,1,0,1,0,0,1,1,0,0,1,0,0,1,1,0,0,1,1,0,1,0,1,1,1,1,0,1,0
L_157,mars,0,1,0,0,0,0,1,0,1,0,0,1,1,1,1,0,1,0,0,1,1,1,1,0,1,0,0,0,0,1,0,1,0,0,0,0,1,1,1,0,0,1,1,0,0,1,1,1,1,1,1,1,0,0,0,1,0,0,0,0,1,0,0,1,0,0,0,0,0,0,1,1,1,0,1,1,0,1,1,1,0,1,0,0,0,1,0,1,1,1,0,1,0,1,1,1,1,0,1,1
L_158,saturn,1,1,0,0,1,1,0,0,0,1,0,0,0,1,1,1,0,1,1,0,0,1,1,0,1,1,1,0,1,0,0,0,0,0,1,0,0,0,1,1,1,1,1,1,1,0,1,0,1,0,0,0,0,0,0,0,0,0,0,1,0,1,1,1,1,1,0,1,0,0,0,1,1,1,0,1,1,0,1,1,1,1,1,0,0,1,0,0,0,1,0,0,0,0,1,0,1,0,1,0
L_159,mars,0,1,0,0,0,0,1,0,1,0,0,1,1,1,1,0,1,0,0,0,1,1,1,0,1,0,0,0,0,1,0,1,0,0,0,0,1,1,1,0,0,1,1,0,0,1,1,1,1,1,1,1,0,0,0,1,0,0,0,0,1,1,0,1,0,0,0,0,0,0,1,1,1,0,1,1,0,1,1,1,0,1,0,0,0,1,0,1,1,1,0,1,0,1,1,1,1,0,1,1
L_160,mercury,1,1,0,1,0,0,0,0,1,0,1,1,1,1,1,0,1,1,0,0,0,0,1,1,0,1,1,1,0,1,0,1,1,0,0,0,0,0,0,0,1,1,0,0,0,1,1,0,0,0,1,0,0,0,0,1,0,0,1,0,1,0,1,1,1,1,1,1,0,0,0,1,1,1,1,0,0,1,0,0,0,1,0,0,0,0,0,1,0,0,1,0,0,1,1,0,0,1,1,1
L_161,mercury,1,0,0,1,0,0,0,0,1,0,1,1,1,1,1,0,1,1,0,0,0,1,1,1,0,1,1,1,0,1,1,1,1,0,0,0,0,0,0,0,1,1,0,0,0,1,1,0,0,0,1,0,0,0,0,1,0,0,1,0,1,0,1,1,1,1,1,1,0,0,0,1,1,1,1,0,0,1,0,0,0,1,0,0,0,0,0,1,0,0,1,0,0,1,1,0,0,1,1,1
L_162,mars,0,1,0,0,0,0,1,0,1,0,1,1,1,1,1,0,1,0,0,1,1,1,1,0,1,0,0,0,0,1,0,1,1,0,0,0,1,1,1,0,0,1,1,0,0,1,1,1,1,1,1,1,0,0,0,1,0,0,0,0,1,0,0,1,1,1,0,0,0,0,1,1,1,0,1,1,0,1,1,1,0,1,0,0,0,1,0,1,1,1,0,1,0,1,1,1,1,0,1,1
L_163,pluto,1,1,0,0,1,1,0,0,0,1,1,0,0,1,1,1,0,1,1,0,0,1,1,0,1,1,1,0,0,0,0,0,0,0,1,1,0,0,1,1,1,0,1,1,1,0,1,0,1,0,0,0,0,1,0,1,0,0,0,1,0,1,1,1,1,1,0,1,0,0,0,1,1,1,1,1,1,0,1,1,1,1,1,0,0,0,0,0,0,1,0,0,1,0,1,0,1,0,1,0
L_164,pluto,1,1,0,0,1,1,0,0,1,1,0,0,0,1,1,1,0,1,1,0,0,1,1,0,1,1,1,0,0,0,0,0,0,0,1,1,0,0,1,1,1,1,1,1,1,0,1,0,1,0,0,0,0,1,0,1,0,0,0,1,0,1,1,1,1,1,0,1,0,0,0,1,1,1,1,1,1,0,1,1,1,1,1,0,0,0,0,0,0,1,0,0,0,0,1,0,1,0,1,0
L_165,mercury,1,0,0,1,0,0,0,0,1,0,1,1,1,1,1,0,1,1,0,0,0,1,1,1,0,1,1,1,0,1,1,1,1,0,0,0,0,0,0,0,1,1,0,0,0,1,1,0,0,0,1,0,0,0,0,1,0,0,1,0,1,0,1,1,1,1,1,1,0,0,0,1,1,1,1,0,0,1,0,0,0,1,0,0,0,0,0,1,0,0,1,0,0,1,1,0,0,1,1,1
L_166,saturn,1,1,0,0,1,1,0,0,0,1,0,0,0,1,1,1,0,1,1,0,0,1,1,0,1,1,1,0,0,0,0,0,0,0,1,1,0,1,1,1,1,1,1,1,1,0,1,0,1,0,0,0,0,1,0,0,0,0,0,1,0,1,1,1,1,1,0,1,0,0,0,1,1,0,0,1,1,0,1,1,1,1,1,0,0,1,0,0,0,1,0,0,0,0,1,0,1,0,1,0
L_167,saturn,1,1,0,0,1,1,0,0,0,1,0,0,0,1,1,1,0,1,1,0,0,1,1,0,1,1,1,0,0,0,0,0,0,0,1,1,0,0,1,1,1,1,1,1,1,0,1,0,1,0,0,0,0,1,0,0,0,0,0,1,1,1,1,1,1,1,0,1,0,0,0,1,1,1,0,1,1,0,1,1,1,1,1,0,0,1,0,0,0,1,0,0,0,0,1,0,1,0,1,0
L_168,venus,0,1,0,0,1,1,1,0,1,0,0,1,1,1,0,0,1,0,0,1,1,1,1,1,1,0,0,1,0,0,0,1,0,1,0,0,1,1,1,0,0,1,1,0,0,1,1,1,1,1,1,1,0,0,0,1,1,0,0,0,1,0,0,1,0,0,1,0,0,0,1,1,1,0,1,1,0,1,1,1,0,1,0,0,1,1,0,1,1,1,0,1,0,1,1,1,1,0,1,0
L_169,mercury,1,0,0,1,0,0,0,0,1,0,1,1,1,1,1,0,1,1,0,0,0,1,1,1,0,1,1,1,0,1,1,0,1,0,0,0,0,0,0,0,1,1,0,0,0,1,1,0,0,0,1,0,0,0,0,1,0,0,1,0,1,0,1,1,1,1,1,1,0,0,0,1,1,1,1,0,0,0,0,0,0,1,0,0,0,0,0,1,0,0,1,0,0,1,1,0,0,1,0,1
L_170,pluto,1,1,0,0,1,1,0,1,0,1,0,0,0,1,1,1,0,1,1,0,0,1,1,0,1,1,1,0,0,0,0,0,0,0,1,1,0,0,1,1,1,1,1,1,1,0,1,0,1,0,0,0,0,1,0,1,0,1,0,1,0,1,1,1,1,1,0,1,0,0,0,1,1,1,1,1,1,0,1,1,1,1,1,0,0,0,0,0,0,1,0,0,0,0,0,0,1,0,1,0
L_171,venus,0,1,0,0,1,1,1,0,1,0,0,1,1,1,1,0,1,0,0,0,1,1,1,1,1,0,0,1,0,0,0,1,0,1,0,0,1,1,1,0,0,1,1,0,0,1,1,1,1,1,1,1,0,0,0,1,1,0,0,0,1,0,0,1,0,0,1,0,0,0,1,1,1,0,1,1,0,1,1,1,0,1,0,1,1,1,0,1,1,1,0,1,0,1,1,1,1,0,1,0
L_172,mars,0,1,0,0,0,0,1,0,1,0,0,1,1,1,1,0,1,0,0,1,1,1,1,0,1,0,0,0,0,1,0,1,0,0,0,0,1,1,1,0,0,1,1,0,0,1,1,1,1,1,1,1,0,0,0,1,0,0,0,0,1,0,0,1,0,0,0,0,0,0,1,1,1,0,1,1,0,1,1,1,0,1,0,0,0,1,0,1,1,1,0,1,0,1,1,1,1,0,1,1
L_173,mars,0,1,0,0,1,0,1,0,1,0,0,1,1,1,1,0,1,0,0,1,1,1,1,1,1,0,0,0,0,1,0,1,0,0,0,0,1,1,1,0,0,1,1,0,0,1,1,1,1,1,1,1,0,0,0,0,0,0,0,0,1,0,0,1,0,0,0,0,0,0,1,1,1,0,1,1,0,1,1,1,0,1,0,0,0,1,0,1,0,1,0,1,0,1,1,1,1,0,1,1
L_174,venus,0,1,0,0,1,1,1,0,1,0,0,1,1,1,1,0,1,0,0,1,1,1,0,1,1,0,0,1,0,0,0,1,0,1,0,0,1,1,1,0,0,1,1,0,0,1,1,1,1,1,1,1,0,0,0,1,1,0,0,0,1,0,0,1,0,0,1,0,0,0,1,1,1,0,1,1,0,1,1,1,0,1,0,0,1,1,0,1,0,1,0,1,0,1,1,1,1,0,1,0
L_175,saturn,1,1,0,0,1,1,0,0,0,1,0,0,0,1,1,1,0,1,1,0,0,1,1,0,1,1,1,0,0,0,0,0,0,0,1,1,0,0,1,1,1,1,1,1,1,0,1,0,1,0,0,0,0,1,0,0,0,0,0,1,0,1,1,1,1,1,0,1,0,1,0,1,1,1,0,1,1,0,1,1,1,1,1,0,0,1,0,0,0,1,0,0,0,0,1,0,1,0,1,0
L_176,saturn,1,1,0,0,1,1,0,0,0,1,0,0,0,1,1,1,0,1,1,0,0,1,1,0,1,1,1,0,0,0,0,0,0,0,0,1,0,0,1,1,1,1,1,1,1,0,1,0,1,0,0,0,0,1,0,0,0,0,0,1,0,0,1,1,1,1,0,1,0,0,0,1,1,1,0,1,1,0,1,1,1,1,0,0,0,1,0,0,0,1,0,0,0,0,1,0,1,0,1,0
L_177,mercury,1,0,0,1,0,0,0,0,1,0,1,1,1,1,1,0,1,1,0,0,0,1,1,1,0,1,1,1,0,1,1,1,1,0,0,0,0,0,0,0,1,1,0,0,0,1,1,0,0,0,1,0,0,0,0,1,0,0,1,0,1,0,1,1,1,1,1,1,0,1,0,1,1,1,1,0,0,1,0,0,0,1,0,0,1,0,0,1,0,0,1,0,0,1,1,0,0,1,0,1
L_178,mercury,1,0,0,1,0,0,0,0,1,0,1,1,1,1,1,0,1,1,0,0,0,1,1,1,0,1,1,1,0,1,1,1,1,0,0,0,0,0,0,0,1,1,0,0,0,1,1,0,0,0,1,0,0,0,0,1,0,0,1,0,1,0,1,1,1,1,1,1,0,0,0,1,1,1,1,0,0,1,0,0,0,1,0,0,0,0,0,1,0,0,1,0,0,1,1,0,0,1,1,1
L_179,pluto,1,1,0,0,1,1,0,0,0,1,0,0,0,1,1,1,0,1,1,0,0,1,1,0,1,1,1,0,0,0,0,0,0,0,1,1,0,0,1,1,1,1,1,1,1,0,1,0,1,0,0,0,0,1,0,0,0,0,0,1,0,1,1,1,1,1,0,1,0,0,0,1,1,1,1,1,1,0,1,1,1,1,1,1,0,0,0,0,0,1,0,0,0,0,1,0,1,0,1,0
L_180,pluto,1,1,0,0,1,1,0,0,0,1,0,0,0,1,1,1,0,1,1,0,0,1,1,0,1,1,1,0,0,0,0,0,0,0,1,1,0,0,1,1,1,1,1,1,1,0,1,0,1,0,0,0,0,1,0,1,0,0,0,1,0,1,1,1,1,1,0,1,0,0,0,1,1,1,0,1,1,0,1,1,1,1,1,0,0,0,0,0,0,1,0,0,0,0,1,0,1,0,1,0
L_181,venus,0,1,1,0,1,1,1,0,1,0,0,1,1,1,1,0,1,0,0,1,1,1,1,1,1,0,0,1,0,0,0,1,0,1,0,0,1,1,1,0,0,1,1,0,0,1,1,1,1,1,1,1,0,0,1,1,1,0,0,0,1,0,0,1,0,0,1,0,0,0,0,1,1,0,1,1,0,1,1,1,0,1,0,0,1,1,0,1,1,1,0,1,0,1,1,1,1,0,1,0
L_182,saturn,1,1,0,0,1,1,0,0,0,1,0,0,0,1,1,1,0,1,1,0,0,1,1,0,1,1,1,0,0,0,0,0,0,0,1,1,0,0,1,0,1,1,1,1,1,0,1,0,1,0,0,0,0,1,0,0,0,0,0,1,0,1,1,1,1,1,0,1,0,0,0,1,1,1,0,1,1,0,1,1,1,1,1,1,0,1,0,0,1,1,0,0,0,0,1,0,1,0,1,0
L_183,mercury,1,0,0,1,0,0,0,0,1,0,1,1,1,1,1,0,1,1,0,0,0,1,1,1,0,1,1,1,0,1,1,1,1,0,0,0,0,0,0,0,1,1,0,0,0,1,1,0,0,0,1,0,0,0,0,1,1,0,1,0,1,0,1,1,1,1,1,1,0,0,0,1,1,1,1,0,0,1,0,0,0,1,0,0,0,0,0,1,0,0,1,0,0,1,1,0,0,1,1,1
L_184,saturn,1,1,0,0,1,1,0,1,0,1,0,0,0,1,1,1,0,1,1,0,1,1,1,0,1,1,1,0,0,0,0,0,0,0,1,1,0,0,1,1,1,1,1,1,1,0,1,0,1,1,0,0,0,1,0,0,0,0,0,1,0,1,1,1,1,1,0,1,0,0,0,1,1,1,0,1,1,0,1,1,1,1,1,0,0,1,0,0,0,1,0,0,0,0,1,0,1,0,1,0
L_185,pluto,1,1,0,0,1,1,0,0,0,1,0,0,0,1,1,1,0,1,1,0,0,1,1,0,1,1,1,0,0,0,0,0,0,0,1,1,0,0,1,1,1,1,1,1,1,0,1,0,1,0,0,0,0,1,0,1,0,0,0,1,0,1,1,1,1,1,0,1,0,0,0,1,1,1,1,1,1,0,1,1,1,1,1,0,0,0,0,0,0,1,0,0,0,0,1,0,1,0,1,0
L_186,venus,0,1,0,0,1,1,1,0,1,0,0,1,1,1,1,0,1,0,0,1,1,1,1,1,1,0,1,1,0,0,0,1,0,1,0,0,1,1,1,0,0,1,1,0,0,1,1,1,1,1,1,1,0,0,0,1,1,0,0,0,1,0,0,1,0,0,1,0,0,0,1,1,1,0,1,1,0,1,1,1,0,1,0,0,1,1,0,1,1,1,0,1,0,1,1,1,1,0,1,0
L_187,mars,0,1,0,0,0,0,1,0,1,0,0,1,1,1,1,0,1,1,0,1,1,1,1,0,1,0,0,0,0,1,0,1,0,0,0,0,1,1,1,0,0,1,1,0,0,1,1,1,1,1,1,1,0,0,0,1,0,0,0,0,1,0,0,1,1,0,0,0,0,0,1,1,1,0,1,1,0,1,1,1,0,1,0,0,1,1,0,1,1,1,0,1,0,1,1,1,1,0,1,1
L_188,saturn,1,1,0,0,1,1,0,0,0,1,0,0,0,1,1,1,0,1,1,0,0,1,1,0,1,1,1,0,0,0,0,0,0,0,1,1,0,0,1,1,1,1,1,1,1,0,1,0,1,0,0,0,0,1,0,0,0,0,0,1,0,1,1,1,1,1,0,1,0,0,0,1,1,1,0,1,1,0,1,1,1,1,1,0,0,1,0,0,0,1,0,0,0,0,1,0,1,0,1,0
L_189,mars,0,1,0,0,0,0,1,0,1,0,0,1,1,1,1,0,1,0,0,1,1,1,1,0,1,0,0,0,0,1,0,1,0,0,0,0,1,1,1,0,0,1,1,0,0,1,1,1,1,1,1,1,0,0,0,1,0,0,0,0,1,0,0,1,0,0,0,0,0,0,1,1,1,0,1,1,0,1,1,1,0,1,0,0,0,1,1,1,1,1,1,1,0,1,1,1,1,0,1,1
L_190,saturn,1,1,0,0,1,1,0,1,0,1,0,0,0,1,1,1,0,1,1,0,0,1,1,0,0,1,1,0,0,0,0,0,0,0,1,1,0,0,0,1,1,1,1,1,1,0,1,0,1,0,0,0,0,1,0,0,0,0,0,1,0,1,1,1,1,1,0,1,0,0,0,1,1,1,0,1,1,0,1,1,1,1,1,0,0,1,0,0,0,1,0,0,0,0,1,0,1,0,1,1
L_191,venus,0,1,0,0,1,1,1,0,1,0,0,1,1,1,1,0,1,0,0,1,1,1,1,1,1,0,1,1,0,0,0,1,0,1,0,0,1,1,1,0,0,1,1,0,0,1,1,1,1,1,1,1,0,0,0,1,1,0,0,0,1,0,0,1,0,0,1,0,0,0,1,1,1,0,1,1,0,1,1,1,0,1,0,0,1,1,0,1,1,1,0,1,0,1,1,1,1,0,1,0
L_192,venus,0,1,0,0,1,1,1,0,1,0,1,1,1,1,1,0,1,0,0,1,1,1,1,1,1,0,0,1,0,0,0,1,0,1,0,0,1,1,1,0,0,1,0,0,0,1,1,1,1,1,1,1,0,0,0,1,1,0,0,0,1,0,0,1,0,0,1,0,0,0,1,1,1,0,1,1,0,1,1,1,0,1,0,0,1,1,0,1,1,1,0,1,0,1,1,1,1,0,1,0
L_193,mercury,1,0,0,1,0,0,0,0,1,0,1,1,1,1,1,0,1,1,0,0,0,1,1,1,0,1,1,1,0,1,1,1,1,0,0,0,0,0,0,0,1,1,0,0,0,1,1,0,0,0,1,0,0,0,0,1,0,0,1,0,1,0,1,1,1,1,1,1,0,0,0,1,1,1,1,0,0,1,0,0,1,1,0,0,0,0,0,1,0,0,1,0,0,1,1,0,0,1,1,1
L_194,saturn,1,1,0,0,1,1,0,0,0,0,0,0,0,1,1,1,0,0,1,0,0,1,1,1,1,1,1,0,0,0,0,0,0,0,1,1,0,0,1,1,1,1,1,1,1,0,1,0,1,1,0,0,0,1,0,0,0,0,0,1,0,1,1,1,1,1,0,1,0,0,0,1,1,1,0,1,1,0,1,1,1,1,1,0,0,1,0,0,1,1,0,0,1,0,1,0,1,0,1,0
L_195,mercury,1,1,0,1,0,0,0,0,1,0,1,1,1,1,1,0,1,1,0,0,0,1,1,1,0,1,1,1,0,1,1,1,1,0,0,0,0,0,0,0,1,1,0,0,0,1,1,0,0,0,1,0,0,0,0,1,0,0,1,0,1,0,1,1,1,1,1,1,0,0,0,1,1,1,1,0,0,1,0,0,0,1,0,0,0,0,0,1,0,0,1,0,0,1,1,0,0,1,1,1
L_196,venus,0,1,0,0,1,1,1,0,1,0,0,1,1,1,1,0,1,0,0,1,1,1,1,1,1,0,0,1,0,0,0,1,0,1,0,0,1,1,0,0,0,1,1,0,0,1,1,1,1,1,1,1,0,0,0,1,1,0,0,0,1,0,0,1,0,0,1,0,0,0,1,1,1,0,1,1,0,1,1,1,0,1,0,0,1,1,0,1,1,1,0,1,0,1,1,1,1,0,1,0
L_197,venus,0,1,0,0,1,1,1,0,1,0,0,1,1,1,1,0,1,0,0,1,1,1,1,1,1,0,0,1,0,0,0,1,0,1,1,0,1,1,1,0,0,1,1,0,0,1,0,1,1,1,1,1,0,0,0,1,1,0,0,0,1,0,0,1,0,0,1,0,0,0,1,1,1,0,1,1,0,1,1,1,0,1,0,0,1,1,0,1,1,1,0,1,1,1,1,1,1,0,1,0
L_198,mars,0,1,0,0,0,0,1,0,1,0,0,1,1,1,1,0,1,1,0,1,1,1,1,0,1,0,0,0,0,1,0,1,0,0,0,0,1,1,1,0,0,1,1,0,0,1,1,1,1,1,1,1,0,0,0,1,0,0,0,0,1,0,0,1,0,0,0,0,0,0,1,1,1,0,1,1,0,1,1,1,0,1,0,0,0,1,0,0,1,1,0,1,0,1,1,1,1,0,1,1
L_199,mars,0,1,0,0,0,0,1,0,1,0,0,1,1,1,1,0,1,0,0,1,1,1,1,0,1,0,0,0,0,1,0,1,0,0,0,0,1,1,1,0,0,1,1,0,0,1,1,1,1,1,1,1,0,0,0,1,0,0,0,0,0,0,0,1,0,0,0,0,0,0,1,1,1,0,1,1,0,1,1,1,0,1,0,0,0,1,0,1,1,1,0,1,0,1,1,1,1,0,1,1
L_200,mercury,1,0,0,1,0,0,0,0,1,0,1,1,1,1,1,0,1,1,0,0,0,1,1,1,0,1,1,1,0,1,1,1,1,0,0,0,0,0,0,1,1,1,0,0,0,1,1,0,0,0,1,0,0,0,0,1,0,0,1,0,1,0,1,1,1,1,1,1,0,0,0,1,1,1,1,0,0,1,0,0,0,1,0,0,0,0,0,1,0,0,1,0,0,1,1,0,0,1,1,1
L_201,mars,0,1,0,0,0,0,1,0,1,0,0,1,1,1,1,0,1,0,0,1,1,1,1,0,1,0,0,0,0,1,0,1,0,0,0,0,1,1,1,0,0,1,1,0,0,1,1,1,1,1,1,1,0,0,0,1,0,0,0,0,1,0,0,0,0,0,0,0,0,0,1,1,1,0,1,1,0,1,1,1,0,1,0,0,0,1,0,1,1,1,0,1,0,1,1,1,1,0,1,1
L_202,saturn,1,1,0,0,1,1,0,0,0,1,0,0,0,1,1,1,0,1,1,0,0,1,1,0,1,1,1,0,0,0,0,0,0,0,1,1,0,0,1,1,1,1,1,1,1,0,1,1,1,0,0,0,0,1,0,0,0,0,0,1,0,1,1,1,1,1,0,1,0,0,0,1,1,1,0,1,1,0,1,1,1,1,1,0,0,1,0,0,0,1,0,0,0,0,1,0,1,0,1,0
L_203,saturn,1,1,0,1,1,1,0,0,0,1,0,0,0,1,1,1,0,1,1,0,0,1,1,0,1,1,1,0,0,0,0,0,0,0,1,1,0,0,1,1,1,1,1,1,1,0,1,0,1,1,1,0,0,1,0,0,0,0,0,1,0,1,1,1,1,1,0,1,0,0,0,1,1,1,0,1,1,0,1,1,1,1,1,0,1,1,0,0,0,1,0,0,0,0,1,0,1,0,1,0
L_204,saturn,1,1,0,0,1,1,0,0,0,1,0,0,0,1,1,1,0,1,1,0,0,1,1,0,1,1,1,0,0,0,0,0,0,0,1,1,0,0,1,1,1,1,1,1,1,0,1,0,1,0,0,0,0,1,0,0,0,0,0,1,0,1,1,1,1,1,0,1,0,0,0,1,1,1,0,1,1,0,1,1,1,1,1,0,0,1,0,0,0,1,0,0,0,0,1,0,1,0,0,0
L_205,saturn,1,1,0,0,1,1,0,0,0,1,0,0,0,1,1,1,0,1,1,0,0,1,1,0,1,1,1,0,0,0,0,0,0,0,1,1,0,0,1,1,1,1,1,1,1,0,1,0,1,0,1,0,0,1,0,0,0,0,0,1,0,1,1,1,1,1,0,1,0,0,0,1,1,1,0,1,1,1,1,1,1,0,1,0,0,1,0,0,0,1,0,0,0,0,1,0,1,0,1,0
L_206,mercury,1,0,0,1,0,0,0,0,1,0,1,1,1,1,1,0,1,1,0,0,0,1,1,1,0,1,1,1,0,1,1,1,1,0,0,0,0,0,0,0,1,1,0,0,0,1,1,0,0,0,1,0,1,0,0,1,0,0,1,0,1,0,1,1,1,1,1,1,0,0,0,1,1,1,1,0,0,1,0,0,0,1,0,1,0,0,0,1,0,0,1,0,0,1,1,0,0,1,1,1
L_207,venus,0,1,0,0,1,1,1,0,1,0,0,1,1,1,1,0,0,0,0,1,1,1,1,1,1,0,0,1,0,0,0,1,0,1,0,0,1,1,1,0,0,1,1,0,0,1,1,1,1,1,1,1,0,0,0,1,1,0,0,0,1,0,0,1,0,0,1,0,0,0,1,1,1,0,1,1,0,1,1,1,0,1,0,0,1,1,0,1,1,1,0,0,0,1,1,1,1,0,1,0
L_208,mercury,1,0,0,1,0,0,0,0,1,0,1,1,1,1,1,0,1,1,0,0,0,1,1,1,0,1,1,1,0,1,1,1,1,0,0,0,0,0,0,0,1,1,0,0,0,1,1,0,0,0,1,0,0,0,0,1,0,0,1,0,1,0,1,1,1,0,1,1,0,0,0,1,1,1,1,0,0,1,0,0,0,1,0,0,0,0,0,1,0,0,1,0,0,1,1,0,0,1,1,0
L_209,mercury,1,0,0,1,0,0,0,0,1,0,1,1,1,1,1,0,1,1,0,0,0,1,1,1,0,1,1,1,0,1,1,1,1,0,0,0,0,0,0,0,1,1,0,0,0,1,1,0,0,0,1,0,0,0,0,1,0,0,1,0,1,0,1,1,1,1,1,1,0,0,0,1,1,1,1,0,0,1,0,0,0,1,0,0,0,0,0,1,0,0,1,0,0,1,1,0,0,1,1,1
L_210,pluto,1,1,0,0,1,1,0,0,0,1,0,0,0,1,1,1,0,1,1,0,0,1,1,0,1,1,1,0,0,0,0,0,0,0,1,1,0,0,1,1,1,1,1,1,1,0,1,0,1,0,0,0,0,1,0,1,0,0,0,1,0,1,1,1,1,1,0,1,0,0,0,1,1,1,1,1,1,0,1,1,1,1,1,0,0,0,0,0,0,1,0,0,0,0,1,0,1,0,1,0
L_211,mercury,1,0,0,1,0,0,0,0,1,0,1,1,1,1,1,0,1,1,0,0,0,1,1,1,0,1,1,1,0,1,1,1,1,0,0,0,0,0,0,0,1,1,0,0,0,1,1,0,0,0,1,0,0,0,0,1,0,0,1,0,1,0,1,1,1,1,1,1,0,0,0,1,1,1,1,0,0,1,0,0,0,1,0,0,0,0,0,1,0,0,1,0,0,1,1,0,0,1,1,1
L_212,pluto,1,1,0,0,1,1,0,0,0,1,0,0,0,1,1,1,0,1,1,0,0,1,1,0,1,1,1,0,0,0,0,0,0,0,1,1,0,0,1,1,1,1,1,1,1,0,1,1,1,0,0,0,0,1,0,1,0,0,0,1,0,1,1,1,1,1,0,1,0,0,0,1,1,1,1,1,1,0,1,1,1,1,1,0,0,0,0,0,0,1,0,0,0,0,0,0,1,0,1,0
L_213,venus,0,1,0,0,1,1,1,0,1,0,0,1,1,1,1,0,1,0,0,1,1,1,1,1,1,0,0,1,0,0,0,1,1,1,0,0,1,1,1,0,0,1,1,0,0,1,1,1,1,1,1,1,0,0,0,1,1,0,0,0,1,0,0,1,0,0,1,0,0,0,1,1,1,0,1,1,0,1,1,1,0,1,1,0,1,0,0,1,1,1,0,0,0,1,1,1,1,0,1,0
L_214,pluto,1,1,0,0,1,1,0,0,0,1,0,0,0,1,1,1,0,1,1,0,0,1,1,0,1,1,1,0,0,0,0,0,1,1,1,1,0,0,1,1,1,1,1,0,1,0,1,0,1,0,0,1,0,1,0,1,0,0,0,1,0,1,1,1,1,1,0,1,0,0,0,1,1,1,1,1,1,0,1,1,1,1,1,0,0,0,0,0,0,1,0,0,0,0,1,0,1,0,1,0
L_215,mars,0,1,0,0,0,0,1,0,1,1,0,1,1,1,1,0,1,0,0,1,1,1,1,0,1,0,0,0,0,1,0,1,0,0,0,0,1,1,1,0,0,1,1,0,0,1,1,1,1,1,1,1,0,0,0,1,0,0,0,0,1,0,0,1,0,0,0,0,0,0,1,1,1,0,1,1,0,1,1,1,0,1,0,0,0,1,0,0,1,1,0,1,0,1,1,1,1,0,1,1
L_216,mercury,1,0,0,1,0,0,0,0,0,0,1,1,1,0,1,0,1,1,0,0,0,1,1,1,0,1,1,1,0,1,1,1,1,0,0,0,0,0,0,0,1,1,0,0,0,1,1,0,0,0,1,0,0,0,0,1,0,0,1,0,1,0,1,1,1,1,1,1,0,0,0,1,1,1,1,0,0,1,0,0,0,1,0,0,0,0,0,1,0,0,1,0,0,1,1,0,0,1,1,1
L_217,mercury,1,0,0,1,0,0,1,0,1,0,1,1,1,1,1,0,1,1,0,0,0,1,1,1,1,1,1,1,0,1,1,1,1,0,0,0,0,0,0,0,1,1,0,0,0,1,1,0,0,0,1,0,0,0,0,1,0,0,1,0,1,0,1,1,1,1,1,1,0,0,0,1,1,1,1,0,0,1,0,0,0,1,0,0,0,0,0,1,0,0,1,0,0,1,1,0,0,1,1,1
L_218,pluto,1,1,0,0,1,1,0,0,0,1,0,0,0,1,1,1,0,1,1,0,0,1,0,0,1,1,1,0,0,0,0,0,0,0,1,1,0,0,1,1,1,1,1,1,1,0,1,0,1,0,0,0,0,1,0,1,0,0,0,1,0,1,0,1,1,1,0,1,0,0,0,1,1,1,1,1,1,0,1,1,1,1,1,0,0,0,0,0,0,1,0,0,0,0,1,0,1,1,1,0
L_219,venus,0,1,0,0,1,1,1,0,1,0,0,1,1,1,1,0,1,0,0,1,1,1,1,0,1,0,0,1,0,0,0,1,0,1,0,0,1,1,1,0,0,1,1,0,0,1,1,0,1,1,1,1,0,0,0,1,1,0,0,0,1,0,0,1,0,0,1,0,1,0,1,1,1,0,1,1,0,1,1,1,1,1,0,0,1,1,0,1,1,1,0,1,0,1,1,1,1,0,1,0
L_220,saturn,1,1,0,0,1,1,0,0,0,1,0,0,0,1,1,1,0,1,1,0,0,1,1,0,1,1,1,0,1,0,0,0,0,0,1,1,0,0,1,1,1,1,1,1,1,0,1,0,1,0,0,0,0,1,0,0,0,0,0,1,0,1,1,1,1,1,0,1,0,0,0,1,1,1,0,1,1,0,1,1,1,1,1,0,0,1,0,0,0,1,1,0,0,0,1,0,1,0,1,0
L_221,saturn,1,1,0,0,1,1,0,0,0,1,0,0,0,1,1,1,0,1,1,0,0,1,1,0,1,1,1,0,0,0,0,0,0,0,1,1,0,0,1,1,1,1,1,1,1,0,1,0,1,0,0,0,0,1,0,0,0,0,0,1,0,1,1,1,1,1,0,1,0,0,0,1,1,1,0,1,1,0,1,1,1,1,1,0,0,1,0,0,0,1,0,0,0,0,1,0,1,0,1,0
L_222,venus,0,1,0,0,1,1,1,0,1,0,0,1,1,1,1,0,0,0,0,1,1,1,1,1,1,0,0,1,0,0,0,1,0,1,0,0,1,1,1,0,0,1,1,0,0,1,1,1,1,1,1,1,0,0,0,1,1,0,0,0,1,0,0,1,0,0,1,0,0,0,1,1,1,0,1,1,0,1,1,1,0,1,0,0,1,1,0,1,1,1,0,1,0,1,0,1,1,0,1,0
L_223,mars,0,1,0,0,0,0,1,0,1,0,0,1,1,1,1,0,1,0,0,1,1,1,1,0,1,0,0,0,0,1,0,1,0,0,0,0,1,1,1,0,0,1,1,0,0,1,1,1,1,1,1,1,0,1,0,1,0,0,0,0,0,0,0,1,0,0,0,0,0,0,1,1,1,0,1,1,0,1,1,1,0,1,0,0,0,1,1,1,1,1,0,1,0,1,1,1,1,0,1,1
L_224,saturn,1,1,0,0,1,1,0,0,0,1,0,0,0,1,1,1,0,1,1,0,0,1,1,0,1,1,1,0,0,0,0,0,0,0,1,1,0,0,1,1,1,1,1,1,1,0,1,0,1,0,0,0,0,1,0,0,0,0,0,1,0,1,1,1,1,1,0,1,1,0,0,1,0,1,0,1,1,0,1,1,1,1,1,0,0,1,0,0,0,1,0,0,0,0,1,0,1,0,1,0
L_225,venus,0,1,0,0,1,1,1,0,1,0,0,1,1,1,1,0,1,0,0,1,1,1,1,1,1,0,0,1,0,0,0,1,0,1,0,0,1,1,1,0,0,1,1,0,0,1,1,1,1,1,1,0,0,0,0,1,1,0,0,0,1,0,0,1,0,0,1,0,0,0,1,1,1,0,1,1,0,1,1,1,0,1,0,0,1,1,0,1,1,1,0,1,0,1,1,1,1,0,1,0
L_226,pluto,1,1,0,0,1,1,0,0,0,1,0,0,0,1,1,1,0,1,1,0,0,1,1,0,1,1,1,0,0,0,0,0,0,0,1,1,0,0,1,1,1,1,1,1,1,0,1,0,1,0,0,0,0,1,1,1,0,0,0,1,0,1,1,1,1,1,0,1,0,0,0,1,1,1,1,1,1,0,1,1,1,1,1,0,0,0,0,0,0,1,0,0,0,0,1,0,1,0,1,0
L_227,venus,0,1,0,0,1,0,1,0,1,0,0,1,1,1,1,0,1,0,0,1,1,1,1,1,1,0,0,1,1,0,0,1,0,1,0,1,1,1,1,0,0,1,1,0,0,1,1,1,1,1,1,1,0,0,0,1,1,0,0,0,1,0,0,1,0,0,1,0,0,0,1,0,1,0,1,1,0,1,1,1,0,1,0,0,1,1,0,1,1,1,0,1,0,1,1,1,1,0,1,0
L_228,venus,0,1,0,0,1,1,1,1,1,0,0,1,1,1,1,0,1,0,0,1,1,1,1,1,1,0,0,1,0,0,0,0,0,1,0,0,1,1,1,0,0,1,1,0,0,0,1,1,1,1,1,1,0,0,0,1,1,0,1,0,1,0,0,1,0,0,1,0,0,0,1,1,1,0,1,1,0,1,1,1,0,1,0,0,1,1,0,1,1,1,0,1,0,1,1,1,1,0,1,0
L_229,mercury,1,0,0,1,0,0,0,0,1,0,1,1,1,1,1,0,1,1,0,0,0,1,1,1,0,1,1,1,0,1,0,1,1,0,0,0,0,0,0,0,1,1,0,0,0,1,1,0,0,0,1,0,0,0,0,1,0,0,1,0,1,0,1,1,1,1,1,1,0,0,0,1,1,1,1,0,0,1,0,0,0,1,0,0,0,0,0,1,0,0,1,0,0,1,1,0,0,1,1,1
L_230,mars,0,1,0,0,0,0,1,0,1,0,0,1,1,1,1,0,1,0,0,1,1,1,1,0,1,0,0,0,0,1,0,1,0,0,1,0,1,1,1,0,0,1,1,0,0,1,1,1,1,1,1,1,0,0,0,1,0,0,0,0,1,0,0,1,0,0,0,0,0,1,1,1,1,0,1,1,0,0,1,1,0,1,0,0,0,1,0,1,1,1,0,1,0,1,1,1,1,0,1,1
L_231,pluto,1,1,0,0,1,1,0,0,0,1,0,0,0,1,1,1,0,1,1,0,0,1,1,0,1,1,1,0,0,0,0,0,0,0,1,1,0,0,1,1,1,1,1,1,1,0,1,0,1,0,0,0,0,1,0,1,0,0,0,1,1,1,1,1,1,1,0,1,0,0,0,1,1,1,1,1,1,0,1,1,1,1,1,0,0,0,0,0,0,1,0,0,0,0,1,0,1,0,1,0
L_232,saturn,1,1,0,0,1,1,0,0,0,1,0,0,0,1,1,1,0,1,1,0,0,0,1,0,1,1,1,0,0,0,0,0,0,0,1,1,0,0,1,1,1,1,1,1,1,0,1,0,1,0,0,0,0,1,0,0,0,0,0,1,1,1,1,1,1,1,1,1,0,0,0,1,1,1,0,1,1,0,1,1,1,1,1,0,0,1,0,0,0,1,0,0,0,0,1,0,1,0,1,0
L_233,mars,0,1,0,0,0,0,1,0,1,0,0,0,0,1,1,0,1,0,0,1,1,1,1,0,1,0,0,0,0,1,0,1,0,0,0,0,1,1,1,0,0,1,1,0,0,1,1,1,1,1,1,1,0,0,0,1,0,0,0,0,1,0,0,1,0,0,0,0,0,1,1,1,1,0,1,1,0,1,1,1,0,1,0,0,0,1,0,1,1,1,0,1,0,1,1,1,1,0,1,1
L_234,venus,0,1,0,0,1,1,1,0,1,0,0,1,1,1,1,0,1,0,0,1,1,1,1,1,1,0,0,1,0,0,0,1,0,1,0,0,1,1,1,0,0,1,1,0,0,1,1,0,1,1,1,1,0,0,0,1,1,0,0,0,1,0,0,1,0,0,1,0,0,0,1,1,0,0,1,1,0,1,1,1,1,0,0,0,1,1,0,1,1,1,0,1,0,1,1,1,1,0,1,0
L_235,mars,0,1,0,0,0,0,1,0,1,0,0,1,1,1,1,0,1,0,0,1,1,1,1,0,1,0,0,0,0,1,0,1,0,0,0,0,1,1,1,0,0,1,1,0,0,1,1,1,1,1,1,1,0,0,0,1,0,0,0,0,1,0,0,1,0,0,0,0,0,0,1,1,1,0,1,1,0,1,1,1,0,1,0,0,0,1,0,1,1,1,0,1,0,1,1,1,1,0,1,1
L_236,pluto,1,1,0,0,1,1,0,0,0,1,0,0,0,1,1,1,0,1,1,0,0,1,1,0,1,1,1,0,0,0,0,0,0,0,1,1,0,0,1,1,1,1,1,1,1,0,1,0,1,0,0,1,0,1,0,1,0,0,0,1,0,1,1,1,1,1,0,1,0,0,0,1,1,1,1,1,1,0,1,1,1,1,1,0,0,0,0,0,0,1,0,0,0,0,1,0,1,0,1,0
L_237,mercury,1,0,0,1,0,0,0,0,1,0,1,1,1,1,1,0,1,1,0,0,0,1,1,1,0,1,1,1,0,1,1,1,1,0,0,0,0,0,0,0,1,1,0,0,0,1,1,0,0,0,1,0,0,0,0,1,0,0,1,0,1,0,1,1,1,1,1,1,0,0,0,1,1,1,1,0,0,1,0,0,0,1,0,0,0,0,0,1,0,0,1,0,0,1,1,0,0,1,1,1
L_238,mercury,1,0,0,1,0,0,0,0,1,0,1,0,1,1,1,0,1,1,0,0,0,1,1,1,0,1,1,1,0,1,1,1,1,0,0,0,0,0,0,0,1,1,0,0,0,1,1,1,0,0,1,0,0,0,0,0,0,0,1,0,1,0,1,1,1,1,1,1,0,0,0,1,1,1,1,0,0,1,0,0,0,1,0,0,0,0,0,1,0,0,1,0,0,1,1,0,0,1,1,1
L_239,mars,0,1,0,0,0,0,1,0,1,0,0,1,1,1,1,0,1,0,0,1,1,1,1,0,1,0,0,0,0,1,0,1,0,0,0,0,1,1,1,0,0,1,1,0,0,1,1,1,1,1,1,1,0,0,0,1,0,0,0,0,1,0,0,1,0,0,0,0,0,0,1,1,1,1,1,1,0,1,1,1,0,1,0,0,0,1,0,1,1,1,0,1,0,1,1,1,1,0,1,1
L_240,pluto,1,1,0,0,1,1,0,0,0,1,0,0,0,1,1,1,0,1,1,0,0,1,1,0,1,1,1,0,0,0,0,0,0,0,1,1,0,0,1,1,1,1,1,1,1,0,1,0,1,0,0,0,1,1,0,1,0,0,0,1,0,1,1,1,1,1,0,1,0,0,0,1,1,1,1,1,1,0,1,1,1,1,1,0,0,0,0,0,0,1,0,0,0,0,1,0,1,0,1,0
L_241,pluto,0,1,0,0,1,1,0,0,0,1,0,0,0,1,1,1,0,1,1,0,0,1,1,0,1,1,1,0,0,0,0,0,0,0,1,1,0,0,1,1,1,1,1,1,1,0,1,0,1,0,0,1,0,1,0,1,0,0,0,1,0,1,1,1,1,1,0,1,0,0,0,1,1,1,1,1,1,0,1,1,1,1,1,0,0,0,0,0,1,1,0,0,0,0,1,0,1,0,1,0
L_242,venus,0,1,0,0,1,1,1,0,1,0,0,1,1,1,1,0,1,0,0,1,1,0,1,1,1,0,0,1,0,0,0,1,0,1,0,0,1,1,1,0,0,1,1,0,0,1,1,1,1,1,1,1,0,0,0,1,1,0,0,0,1,0,0,1,0,0,1,0,0,0,1,1,1,0,1,1,0,0,1,1,0,1,0,0,1,1,0,1,1,1,0,0,0,1,1,1,1,0,1,0
L_243,mercury,1,0,0,1,0,0,0,0,1,0,1,1,1,1,1,0,1,1,0,0,0,1,1,1,0,1,1,1,0,1,1,1,1,0,0,0,0,0,0,0,1,1,0,0,0,1,1,0,0,0,1,0,0,0,0,1,0,0,1,0,1,0,1,1,1,1,1,1,0,0,0,1,1,1,1,0,0,1,0,0,0,1,0,0,0,0,0,1,0,0,1,0,0,1,1,0,0,1,1,1
L_244,mars,0,1,0,0,0,0,1,0,1,0,0,1,1,0,1,0,1,0,0,1,1,1,1,0,1,0,0,0,0,1,1,1,0,0,0,0,1,1,1,0,0,1,1,0,0,1,1,1,1,1,1,1,0,0,0,1,0,0,0,0,1,0,0,1,0,0,0,0,0,0,1,1,1,0,1,1,0,1,1,1,0,1,0,0,0,1,0,1,1,1,0,1,0,1,1,1,1,0,1,1
L_245,pluto,0,1,0,0,1,1,0,0,0,1,0,0,0,1,1,1,0,1,1,0,0,1,1,0,1,1,1,0,0,0,0,0,0,0,1,1,0,0,1,1,1,1,1,1,1,0,1,1,1,0,1,0,0,1,0,1,0,0,0,1,0,1,1,1,1,0,0,1,0,0,0,1,1,1,1,1,1,0,1,1,1,1,1,0,0,0,0,0,0,1,0,0,0,0,1,0,1,0,1,0
L_246,pluto,1,1,0,0,1,1,0,0,0,1,0,0,0,1,1,1,0,1,1,0,0,1,1,0,1,1,1,0,0,0,0,0,0,0,1,1,0,0,1,1,1,1,1,1,1,0,1,0,1,0,0,0,0,1,0,1,0,0,0,1,0,1,1,1,1,1,0,1,0,0,0,1,1,1,1,1,1,0,1,1,1,1,1,0,0,0,0,0,0,1,0,0,0,0,1,0,1,0,1,0
L_247,mercury,1,0,0,1,0,0,0,0,1,0,1,1,1,1,1,0,1,1,0,0,0,1,1,1,0,1,1,1,0,1,1,1,1,0,0,0,0,1,0,0,1,1,0,0,0,1,1,0,0,0,1,0,0,0,0,1,1,0,1,0,1,0,1,1,1,1,1,1,0,0,0,1,1,1,1,1,0,1,0,0,0,1,0,0,0,1,0,1,0,0,1,0,0,1,1,0,0,1,0,1
L_248,venus,0,1,0,0,1,1,1,0,1,0,0,1,1,1,1,0,1,0,0,1,1,1,1,1,1,0,0,1,0,0,0,1,0,1,0,0,1,1,1,0,0,0,1,0,0,1,1,1,1,1,1,1,1,0,0,1,1,0,0,0,1,0,0,1,0,0,1,0,0,0,1,1,1,0,1,1,0,1,1,1,0,1,0,0,1,1,0,1,1,1,0,1,0,1,1,1,1,0,1,0
L_249,mars,0,1,0,0,0,0,1,0,1,0,0,1,1,1,1,1,1,0,0,1,1,1,1,0,1,0,0,0,0,1,0,1,0,0,0,0,1,1,1,0,0,1,1,0,0,1,1,1,1,1,1,1,0,0,0,1,0,0,0,0,1,0,0,1,0,0,0,0,0,0,1,1,1,0,1,1,0,1,1,1,0,1,0,0,0,1,0,1,1,1,0,1,0,1,1,1,1,0,1,1
L_250,pluto,1,1,0,0,1,1,0,0,0,1,0,0,0,1,1,1,0,1,1,0,0,1,1,0,1,1,1,0,0,0,0,0,0,0,1,1,0,0,1,1,1,1,1,1,1,0,1,0,1,0,0,0,0,1,0,1,0,0,0,1,0,1,1,1,1,1,0,1,0,0,0,1,1,1,1,1,1,0,0,0,1,1,1,0,0,0,0,1,0,1,0,0,0,0,1,0,1,0,1,0
L_251,mars,0,1,0,0,0,0,1,0,1,0,0,1,1,1,1,0,1,0,0,1,1,1,1,0,1,0,0,0,0,1,0,1,0,0,0,0,1,1,1,0,0,1,1,0,0,1,1,1,1,1,1,1,0,0,0,1,0,1,0,0,1,0,0,1,0,0,0,0,0,0,1,1,1,0,1,1,0,1,1,1,0,1,0,0,0,1,0,1,1,1,0,1,0,1,1,1,1,0,1,1
L_252,pluto,1,0,0,0,1,1,0,0,0,1,0,0,0,1,1,1,0,1,1,0,0,1,1,0,1,1,1,0,0,0,0,0,0,0,1,1,0,0,1,1,1,1,1,1,1,0,1,0,1,0,0,0,0,1,0,1,0,0,0,1,0,1,1,1,1,1,0,1,0,0,0,1,1,1,1,1,1,0,1,1,1,1,1,0,0,0,0,0,0,1,0,0,1,0,1,0,1,0,1,0
L_253,mercury,1,0,0,1,0,0,0,0,1,0,1,1,1,1,1,0,1,1,0,0,0,1,1,1,0,1,1,1,0,1,1,1,1,0,0,0,0,0,0,0,1,1,0,0,0,1,1,0,0,0,1,0,0,0,0,1,0,0,1,0,1,0,1,1,1,1,1,1,0,0,0,1,1,1,1,0,0,1,0,0,0,1,0,0,0,0,0,1,0,0,1,0,0,1,1,0,0,1,1,1
L_254,pluto,1,1,0,0,1,1,0,1,0,1,0,0,0,1,1,1,0,1,1,0,0,1,1,0,1,1,1,0,0,0,0,0,0,0,1,1,0,0,1,1,1,1,1,1,1,0,1,0,1,0,0,1,0,1,0,1,0,0,0,1,0,1,1,1,1,1,0,1,0,0,0,1,1,1,1,1,1,0,1,1,1,1,1,0,0,0,0,0,0,1,0,0,0,0,1,0,1,0,1,0
L_255,venus,0,1,0,0,1,1,1,0,1,0,0,1,1,1,1,0,1,0,0,1,1,0,1,1,1,0,0,1,0,0,0,1,1,0,0,0,1,1,1,0,0,1,1,0,0,1,1,1,1,1,1,1,0,0,0,1,1,0,0,0,1,0,0,1,0,0,1,0,0,0,1,0,1,1,1,1,0,1,1,1,0,1,0,0,1,1,0,1,1,1,0,1,0,1,1,1,1,0,1,0
L_256,venus,1,1,0,0,1,1,1,0,1,0,0,1,1,1,1,0,1,0,0,1,1,1,1,1,1,0,0,1,0,0,0,1,0,1,0,0,1,1,1,0,0,1,1,0,0,1,1,1,1,1,1,1,0,0,0,1,1,0,0,0,1,0,0,1,0,0,1,0,0,0,1,1,1,0,1,1,0,1,1,1,0,1,0,0,1,0,0,1,0,1,0,1,0,1,1,1,1,0,1,0
L_257,pluto,1,1,0,0,1,1,0,0,0,1,0,0,0,1,1,1,0,1,1,0,0,1,1,0,1,1,1,0,0,0,0,0,0,0,1,1,0,0,1,1,1,1,1,1,1,0,1,0,1,0,0,0,0,1,0,1,0,0,0,1,0,1,1,1,1,1,0,1,0,0,0,1,1,1,1,1,1,0,1,1,1,1,1,0,0,0,0,0,0,1,0,0,0,0,1,0,1,0,1,0
L_258,mars,0,1,0,0,0,0,1,0,0,0,0,1,1,1,1,0,1,0,1,1,1,1,1,0,1,0,0,0,0,1,0,1,0,0,0,0,1,1,1,0,0,1,1,0,0,1,0,1,1,1,1,1,0,0,0,1,0,0,0,0,1,0,0,1,0,0,0,0,0,0,1,1,1,0,1,1,0,1,1,1,0,1,0,0,0,1,0,1,1,1,0,1,0,1,1,1,1,0,1,1
L_259,pluto,1,1,0,0,1,1,0,0,0,1,0,0,0,1,1,1,0,1,1,0,1,1,1,0,1,1,1,0,0,0,0,1,0,0,1,1,0,0,1,1,1,1,1,0,1,0,1,0,1,0,0,0,0,1,0,1,0,0,0,1,0,1,1,1,1,1,0,1,0,0,0,1,1,1,1,1,1,0,1,1,1,1,1,0,0,0,0,0,0,1,0,0,0,0,1,0,1,0,1,0
L_260,mercury,1,0,0,1,0,0,0,0,1,0,1,1,1,1,1,0,1,1,0,0,0,1,1,1,0,1,1,1,0,1,1,1,1,0,0,0,0,0,0,0,1,1,0,0,0,1,1,0,0,0,1,0,1,0,0,1,0,0,1,0,1,0,1,1,1,1,1,1,0,0,0,1,1,1,1,1,0,1,0,0,0,1,0,0,0,0,0,1,0,0,1,0,0,1,1,0,0,1,1,1
L_261,pluto,1,1,0,0,1,1,0,0,0,1,0,0,0,1,1,1,0,1,1,0,0,1,1,0,1,1,1,0,0,0,0,0,0,0,1,1,0,0,1,1,1,1,1,1,1,0,1,0,1,0,0,0,1,1,0,1,0,0,0,1,0,0,1,1,1,1,0,1,0,0,0,1,1,1,1,1,1,0,1,1,1,1,1,1,0,0,0,0,0,1,0,0,0,0,1,0,1,0,1,0
L_262,mars,0,1,0,0,0,0,1,0,1,0,0,1,1,1,1,0,1,0,0,1,1,1,1,0,1,0,0,0,0,1,0,1,0,0,0,0,1,1,1,0,0,1,1,0,0,1,1,1,1,1,1,1,0,0,0,1,0,0,0,0,1,0,0,1,0,0,0,0,0,0,1,1,1,0,1,1,0,1,1,1,0,1,0,0,0,1,0,1,1,1,1,1,0,1,1,1,1,0,1,1
L_263,mars,0,1,0,0,0,0,1,0,1,0,0,1,1,1,1,0,1,0,0,1,1,1,1,0,1,0,0,0,0,1,0,1,0,0,0,0,1,1,1,0,0,1,1,0,0,1,1,1,1,1,1,1,0,0,0,1,0,0,0,0,1,0,0,1,0,0,0,0,0,0,1,1,1,0,0,1,0,1,1,1,0,1,0,0,0,1,0,1,1,1,0,1,0,1,1,1,1,0,1,1
L_264,mercury,1,0,0,1,0,0,0,1,1,0,1,1,1,1,1,0,1,1,0,0,0,1,1,1,0,1,1,1,0,1,1,1,1,0,0,0,0,0,0,0,1,1,0,0,0,1,1,0,0,0,1,0,0,0,0,1,0,0,1,0,1,0,1,1,1,1,1,1,0,0,0,1,1,1,1,0,0,1,0,0,0,1,0,0,0,0,0,1,0,0,1,0,0,1,1,0,0,1,1,1
L_265,pluto,1,1,0,0,1,1,0,0,0,1,0,0,0,1,1,1,0,1,1,0,0,1,1,0,1,1,1,0,0,0,0,0,0,0,1,1,0,0,1,1,1,1,1,1,1,0,1,0,1,0,0,0,1,1,0,1,0,0,0,1,0,1,1,1,1,1,0,1,0,0,0,1,1,1,1,1,1,0,1,1,1,1,1,0,0,0,0,0,0,1,0,0,0,0,1,0,1,0,1,0
L_266,venus,0,1,0,0,1,1,1,0,1,0,0,1,1,1,1,0,1,0,0,1,1,1,1,1,1,0,1,1,0,0,0,1,0,1,0,0,1,1,1,0,0,1,1,0,0,1,1,1,1,1,1,1,0,0,0,1,1,0,0,0,1,0,0,1,0,0,1,0,0,0,1,1,1,0,1,1,0,1,1,1,0,1,0,0,1,1,0,1,1,1,0,1,0,1,1,1,1,0,1,0
L_267,pluto,1,1,0,0,1,1,0,0,0,1,0,0,0,1,1,1,0,1,1,0,0,1,1,0,1,1,1,0,0,0,0,0,0,0,1,0,0,0,1,1,1,1,1,1,1,0,1,0,1,0,0,0,0,1,0,1,0,0,0,1,0,1,1,1,1,1,0,1,0,0,0,1,1,1,1,1,1,0,1,1,1,1,1,0,0,0,0,0,0,1,0,0,0,1,1,0,1,0,1,0
L_268,venus,1,1,0,0,1,1,1,0,1,0,0,1,1,1,1,0,1,0,0,1,1,1,1,1,1,0,0,1,0,0,0,1,0,1,0,0,1,1,1,0,0,1,1,0,0,1,1,1,1,1,1,1,0,0,0,1,1,0,0,0,1,0,0,1,0,0,1,0,0,0,1,1,1,0,1,1,0,1,0,1,0,1,0,0,1,1,0,1,1,1,0,1,0,1,1,1,1,0,1,0
L_269,venus,0,1,0,1,1,1,1,0,1,0,0,1,1,1,1,0,1,0,0,1,1,1,1,1,1,0,0,1,0,0,0,1,0,0,0,0,1,0,1,0,0,1,1,0,0,1,1,1,1,1,1,1,0,0,0,1,1,0,0,0,1,0,0,1,0,0,1,0,0,0,1,1,1,0,1,1,0,1,1,1,0,1,0,0,1,1,0,1,1,1,0,1,0,1,1,1,1,0,1,0
L_270,mercury,1,0,0,1,0,0,0,0,1,0,1,1,1,1,1,0,1,1,0,0,0,1,1,1,0,1,1,1,0,1,1,1,1,0,0,0,0,0,0,0,1,1,0,0,0,1,1,0,0,0,1,0,0,0,0,0,0,0,1,0,1,0,1,1,1,1,1,1,0,0,0,1,1,1,1,0,0,1,0,0,1,1,0,0,0,0,0,1,0,0,1,0,0,1,1,0,0,1,1,1
L_271,saturn,1,1,0,0,1,1,0,0,0,1,0,0,0,1,1,1,0,0,1,0,0,1,1,0,1,0,1,0,0,0,0,0,0,0,1,1,0,0,1,1,1,1,1,1,1,0,1,0,0,0,0,0,0,1,0,0,0,0,0,1,0,1,1,1,1,1,0,1,0,0,0,1,1,1,0,1,1,0,1,1,1,1,1,0,0,0,0,0,0,1,0,0,0,1,1,0,1,0,1,0
L_272,mars,0,1,0,0,0,0,1,0,1,0,0,1,1,1,1,0,1,0,0,1,1,0,1,0,1,0,0,0,0,1,0,1,0,0,0,0,1,1,1,0,0,1,1,0,0,1,1,1,1,1,1,1,0,0,0,1,1,0,0,0,1,0,0,1,0,0,0,0,0,0,1,1,1,0,1,1,1,1,1,1,0,1,0,0,0,1,0,1,1,1,0,1,0,1,1,1,1,0,1,1
L_273,mars,0,1,0,0,0,0,1,0,1,0,0,1,1,1,1,0,1,0,0,1,1,1,1,0,1,0,0,0,0,1,0,1,0,0,0,0,1,1,1,0,0,1,1,0,0,1,1,1,1,1,1,1,0,0,0,1,0,0,0,0,1,0,0,1,0,0,0,0,0,0,1,1,1,0,1,1,0,1,1,1,0,1,0,0,0,1,0,1,1,0,0,1,0,1,1,1,1,0,1,1
L_274,saturn,1,1,0,0,1,1,0,0,0,1,0,0,0,1,1,1,0,1,1,0,0,1,1,0,1,1,1,0,0,0,0,0,0,0,1,1,0,0,1,1,1,1,1,1,1,0,1,0,1,0,0,0,0,1,0,0,0,0,0,1,1,1,1,0,1,1,0,0,0,0,0,1,1,1,0,1,1,0,1,1,1,1,1,0,0,1,0,0,0,1,0,0,0,0,1,0,1,0,1,0
L_275,saturn,1,1,0,0,1,1,0,0,0,1,0,0,0,1,1,0,0,1,1,0,0,1,1,0,1,1,1,0,0,0,0,0,0,0,0,1,0,0,1,1,1,1,1,1,1,0,1,0,1,0,0,0,1,0,0,0,0,0,0,1,0,1,1,1,1,0,0,1,0,0,0,1,1,1,0,1,1,0,1,1,1,1,1,0,0,1,0,0,0,1,0,0,0,0,1,0,1,0,1,0
L_276,venus,0,1,0,0,1,1,1,0,1,0,0,1,1,1,1,0,1,0,0,1,1,1,1,1,1,0,0,1,0,0,0,1,0,1,0,0,1,0,1,0,0,1,1,0,0,1,1,1,1,1,1,1,0,0,0,1,1,0,0,0,1,0,0,1,0,0,1,0,0,0,1,1,1,0,1,1,0,1,1,1,0,1,0,0,1,1,0,1,1,1,0,1,0,1,0,1,0,0,1,0
L_277,venus,0,1,0,0,1,1,1,0,1,0,0,1,1,1,1,0,0,0,0,1,1,1,1,1,1,0,0,1,0,0,0,1,0,1,0,0,1,1,1,0,0,1,1,0,0,1,1,1,1,1,1,1,0,0,0,1,1,0,0,0,1,0,0,1,0,0,1,0,0,0,0,1,1,0,1,1,0,1,1,1,0,1,0,0,1,1,0,1,1,1,0,1,0,1,1,1,1,0,1,0
L_278,mercury,1,0,0,1,0,0,0,0,1,0,1,1,1,1,1,0,1,1,0,0,0,1,1,1,0,1,1,1,0,1,1,1,1,0,0,0,0,0,0,0,1,1,0,0,0,1,1,0,0,0,1,0,0,0,0,1,0,0,1,0,1,0,1,1,1,0,1,1,0,0,1,1,1,1,1,0,0,1,0,0,0,1,0,1,0,0,0,1,0,0,1,0,0,1,1,0,0,1,1,1
L_279,mercury,1,1,0,1,0,0,0,0,1,0,1,1,1,1,1,0,1,1,0,0,0,1,1,1,0,1,1,1,0,1,1,1,1,0,0,0,0,0,0,0,1,1,0,0,1,1,1,0,0,0,1,0,0,0,0,1,0,0,1,0,1,0,1,1,1,1,1,1,0,0,0,1,1,1,1,0,0,1,0,0,0,1,0,0,0,0,0,1,0,0,1,0,0,1,1,0,0,1,1,1
L_280,mars,0,1,0,0,0,0,1,0,1,0,0,1,1,1,1,0,1,0,0,1,1,1,1,0,1,0,0,0,0,1,0,1,0,0,0,0,1,1,1,0,0,1,1,0,0,1,1,1,1,1,1,0,0,0,0,1,0,0,0,0,1,0,0,1,1,0,0,0,0,0,1,1,0,0,1,1,0,1,1,1,1,1,0,1,0,1,0,1,1,1,0,1,0,1,1,1,1,0,1,1
L_281,mercury,1,0,0,1,0,0,0,0,1,0,1,1,1,1,1,0,1,1,0,0,0,1,1,1,0,1,1,1,0,1,1,1,1,0,0,0,0,0,0,0,1,1,0,0,0,1,1,0,0,0,1,0,0,0,0,1,0,0,1,0,1,0,1,0,1,1,1,1,0,0,0,1,1,1,1,0,0,1,0,0,0,1,0,0,0,0,0,1,0,0,1,0,0,1,1,1,0,1,1,1
L_282,saturn,1,1,0,0,1,1,0,0,0,1,0,0,0,1,1,1,0,1,1,0,0,1,1,0,1,1,1,0,0,0,0,0,0,0,1,1,0,0,1,1,1,1,1,1,1,0,1,0,1,0,0,0,0,1,0,0,0,1,0,1,0,1,1,1,1,1,0,1,0,0,0,1,1,1,0,1,1,0,1,1,1,1,1,0,0,1,0,0,1,1,0,0,0,0,1,0,1,1,1,0
L_283,mars,1,1,0,0,0,0,1,0,1,0,0,1,1,1,1,0,1,0,0,1,1,1,1,0,1,1,0,0,0,1,0,1,0,0,0,0,1,1,1,0,0,1,1,0,0,1,1,1,1,1,1,1,0,0,0,1,0,0,0,0,1,0,0,1,0,0,1,0,0,0,1,1,1,0,1,1,0,1,1,1,0,1,0,0,0,1,0,1,1,1,0,1,0,1,1,1,1,0,0,1
L_284,saturn,1,1,0,0,1,1,0,0,0,1,0,0,0,1,1,1,0,1,1,0,0,1,1,0,1,1,1,0,0,0,0,0,0,0,1,1,0,0,1,1,1,1,1,1,1,0,1,0,1,0,0,0,0,1,0,0,0,0,0,1,0,1,1,1,1,1,0,1,0,0,0,1,1,1,0,1,1,0,1,1,1,1,1,0,0,1,0,0,0,1,0,0,0,0,1,0,1,0,1,0
L_285,pluto,1,1,0,0,1,1,0,0,0,1,0,0,0,1,1,1,0,1,1,0,0,1,1,0,1,1,1,0,0,0,0,0,0,0,1,1,0,0,1,1,1,1,1,1,1,0,1,0,1,0,0,0,0,1,0,0,0,0,0,1,0,1,1,1,1,1,0,1,1,0,0,1,0,1,1,1,1,0,1,1,1,1,1,0,0,0,0,0,0,1,0,0,0,0,1,0,1,0,1,0
L_286,mercury,1,1,0,1,0,0,0,0,0,0,1,1,1,1,1,0,1,1,0,0,0,1,1,1,0,1,1,1,0,1,1,1,1,0,0,0,0,0,0,0,1,1,0,0,0,1,1,0,0,0,1,0,0,0,0,1,0,0,1,0,1,0,1,1,1,1,1,1,0,0,0,1,1,1,1,0,0,1,0,0,0,1,0,0,0,0,0,1,0,0,1,0,0,1,1,0,0,1,1,1
L_287,mars,0,1,0,0,0,0,1,0,1,0,0,1,1,1,1,0,1,0,0,1,1,1,1,0,1,0,0,0,1,1,0,1,0,0,0,0,1,1,1,0,0,1,1,0,0,1,1,1,1,1,1,1,0,0,0,1,0,0,0,0,1,0,0,1,0,0,0,0,0,0,1,1,1,0,1,1,0,1,1,1,0,1,0,0,0,1,0,1,1,1,0,1,0,1,1,1,1,0,1,1
L_288,pluto,1,1,0,0,1,1,0,0,0,1,0,0,0,1,1,1,0,1,1,0,0,1,1,0,1,1,1,0,0,0,0,0,0,0,1,1,0,0,1,1,1,1,1,1,1,0,1,0,1,0,0,0,0,1,0,1,0,0,0,1,0,1,1,1,1,1,0,1,0,0,0,1,1,1,1,1,1,0,1,1,1,1,1,0,0,0,0,0,0,1,0,0,0,0,1,0,1,0,1,0
L_289,mars,0,1,0,0,0,0,1,0,1,0,0,1,1,1,1,0,1,0,0,1,1,1,1,0,1,0,0,0,0,1,0,1,0,0,0,0,1,1,1,0,0,1,1,0,0,1,1,1,1,1,1,1,0,0,0,1,0,0,0,0,1,0,0,1,0,0,0,0,0,0,1,1,1,0,1,1,0,1,0,1,0,1,0,0,0,1,0,1,1,1,0,1,0,1,1,1,1,0,1,1
L_290,pluto,1,1,0,0,1,1,0,0,0,1,0,0,0,1,0,1,0,1,1,0,0,1,1,0,1,1,1,0,0,0,0,0,0,0,1,1,0,0,1,1,1,1,1,1,1,0,1,1,1,0,0,0,0,1,0,1,0,0,0,1,0,1,1,1,1,1,0,1,0,0,0,1,1,1,1,1,1,0,1,1,1,1,1,0,0,0,0,1,0,1,0,0,0,0,1,0,1,0,1,0
L_291,venus,0,1,0,0,1,1,1,0,1,0,0,1,1,1,1,0,1,0,0,1,1,1,1,1,1,0,0,1,0,0,0,1,0,0,0,0,1,1,1,0,0,1,1,0,0,1,1,1,1,1,1,1,0,0,0,1,1,0,0,0,1,0,0,1,0,0,1,0,0,0,1,1,1,0,1,1,0,1,1,1,0,1,0,0,1,1,0,1,1,1,0,1,0,1,1,1,1,0,1,0
L_292,pluto,1,1,0,0,1,1,0,0,0,0,0,0,0,1,1,1,0,1,1,0,0,1,1,0,0,1,1,0,0,0,0,0,0,0,1,1,0,0,1,1,1,1,1,1,1,0,1,0,1,0,0,0,0,1,0,1,0,0,0,1,0,1,1,1,1,1,0,1,0,0,0,1,1,1,1,1,1,0,1,1,1,1,1,0,0,0,0,0,0,1,0,0,0,0,1,0,1,0,1,0
L_293,pluto,1,1,0,0,1,1,0,0,0,1,0,0,0,1,1,1,1,1,1,0,0,1,1,0,1,1,1,0,0,0,0,0,0,0,1,1,0,0,1,1,1,1,1,1,1,0,1,0,1,0,0,0,0,1,0,1,1,0,0,1,0,1,1,1,1,1,0,1,0,0,0,1,1,1,1,1,1,0,1,1,1,1,1,1,1,0,0,0,0,1,0,0,0,0,1,0,1,0,1,0
L_294,mars,0,1,0,0,0,0,1,0,1,0,0,1,1,1,1,0,1,0,0,1,1,1,1,0,1,0,0,0,0,1,0,1,0,1,0,0,1,1,1,0,0,1,1,0,0,1,1,1,1,1,1,1,0,0,0,1,0,0,0,0,1,0,1,1,0,0,0,0,0,0,1,1,1,0,1,1,0,1,1,1,0,1,0,0,0,1,0,1,1,1,0,1,0,1,1,1,1,0,1,0
L_295,mars,0,1,0,0,0,0,1,1,1,0,0,1,1,1,1,0,1,0,0,1,1,1,1,0,1,0,0,0,0,1,0,1,0,0,0,0,1,1,1,0,0,1,1,0,0,1,1,1,1,1,1,1,0,0,0,1,0,0,0,0,1,0,0,1,0,0,0,0,0,0,1,1,1,0,1,1,0,1,1,1,0,1,0,0,0,1,0,1,1,1,0,1,0,1,1,1,1,0,1,1
L_296,mars,0,1,0,0,0,0,1,0,1,0,0,1,1,1,1,0,1,0,0,1,1,1,1,0,1,0,0,0,0,1,0,1,0,0,0,0,1,1,1,0,0,1,1,0,0,1,1,1,1,1,1,1,0,0,0,1,0,0,0,0,1,0,0,1,0,0,0,0,0,0,1,1,1,0,1,1,0,1,1,1,0,1,0,0,0,1,0,1,1,1,0,1,0,1,1,1,1,0,1,1
L_297,saturn,1,1,0,0,1,1,0,0,0,1,0,0,0,1,1,1,0,1,1,0,0,1,1,0,1,1,1,0,0,0,0,0,0,0,1,1,0,0,1,1,1,1,1,1,1,0,1,0,1,0,0,1,0,1,0,0,0,0,0,1,0,1,1,1,1,1,0,1,0,0,0,1,1,1,0,1,1,0,1,1,1,1,1,0,0,1,0,0,0,1,0,0,0,0,1,0,1,0,1,0
L_298,mars,0,1,0,0,0,0,1,0,1,0,0,1,1,1,1,0,1,0,0,1,1,1,1,0,1,0,0,0,0,1,0,1,0,0,0,0,1,1,1,0,0,1,1,0,0,1,1,1,1,1,1,1,0,0,0,1,0,1,0,0,1,0,0,1,0,0,0,0,0,0,1,1,1,0,1,1,0,1,1,1,0,1,0,0,0,1,0,1,1,1,0,1,0,1,1,1,1,0,1,1
L_299,venus,0,1,0,0,1,1,1,0,1,0,0,1,1,1,1,0,1,0,0,1,1,1,1,1,1,0,0,1,0,0,0,1,0,1,0,0,1,1,1,0,0,1,1,0,0,1,1,1,1,1,1,1,0,0,0,1,1,0,0,0,1,0,0,1,0,0,1,0,0,0,1,1,1,0,1,1,0,1,1,1,0,1,0,0,1,0,0,1,1,1,0,1,0,1,1,1,1,0,1,0
L_300,venus,0,1,0,0,1,1,1,0,1,0,0,1,1,1,1,0,1,0,0,1,1,1,1,1,1,0,0,1,0,0,0,1,0,1,0,0,1,1,1,0,0,1,1,0,0,1,1,1,1,1,1,1,0,0,0,1,0,0,0,0,1,0,0,1,0,0,1,0,0,0,1,1,1,0,1,1,0,1,1,1,0,1,0,0,1,1,0,1,1,1,0,1,0,1,1,1,1,0,1,0
L_301,saturn,1,1,0,0,1,1,0,0,0,1,0,0,0,1,0,1,0,1,1,0,0,1,1,0,1,1,1,0,0,0,0,0,0,0,1,1,0,0,1,1,1,1,1,1,1,0,1,0,1,0,0,0,0,1,0,0,0,1,0,1,0,1,1,1,1,1,0,1,0,0,0,1,1,1,0,1,1,0,1,1,1,1,1,0,0,1,0,0,0,1,0,0,1,0,1,0,1,0,1,0
L_302,venus,0,1,0,0,1,1,1,0,1,0,0,1,1,1,1,0,1,0,0,1,1,1,1,1,1,0,0,1,0,0,0,1,0,1,0,0,1,1,1,0,0,1,1,0,0,1,1,1,1,1,1,1,0,0,0,1,1,0,0,1,1,0,0,1,0,0,1,0,0,0,1,1,1,0,1,1,1,1,1,1,0,1,0,0,1,1,0,1,1,1,0,1,0,1,1,1,1,0,1,0
L_303,mercury,1,0,0,1,0,0,0,0,1,0,1,1,1,1,1,0,1,1,0,0,0,1,1,1,0,1,1,1,0,1,1,1,1,0,0,0,0,0,0,0,1,1,0,0,0,1,1,0,0,0,1,0,0,0,0,1,0,0,1,0,1,0,1,1,1,1,1,1,0,0,0,1,1,1,1,0,0,1,0,0,0,1,0,0,0,0,0,1,0,0,1,0,0,1,1,0,0,1,1,1
L_304,mars,0,1,0,0,0,0,1,0,1,0,0,1,1,1,1,0,1,0,0,1,1,1,1,0,1,0,0,0,0,1,0,1,0,0,0,0,1,1,1,0,0,1,1,0,0,1,1,1,1,1,1,1,0,1,0,1,0,0,0,0,1,0,0,1,0,0,0,0,0,0,1,1,1,0,1,1,0,1,1,1,0,1,0,0,0,1,0,1,1,1,0,1,0,1,1,1,1,0,1,1
L_305,venus,0,1,0,0,1,1,1,0,1,0,0,1,1,1,1,0,1,0,0,1,1,1,1,1,1,0,0,1,0,0,0,1,0,1,0,0,1,1,1,0,0,1,1,0,0,1,1,1,1,0,1,1,0,0,0,0,1,0,0,0,1,0,0,1,0,0,1,0,0,0,1,1,1,0,1,0,0,1,1,1,0,1,0,0,1,1,0,1,1,1,0,1,0,1,1,1,1,0,1,0
L_306,mercury,1,0,0,1,0,0,0,0,1,0,1,1,1,1,1,0,1,1,0,0,0,1,1,1,0,1,1,1,0,1,1,1,1,0,0,0,0,0,0,0,1,1,0,0,0,1,1,0,0,0,1,0,0,0,0,1,0,0,1,0,1,0,1,1,1,1,1,1,1,0,0,1,1,1,1,0,0,1,0,0,0,1,0,0,0,0,0,1,0,0,1,0,0,1,1,0,0,1,1,1
L_307,pluto,1,1,0,0,1,1,0,0,0,1,0,0,0,1,1,1,0,1,1,0,0,1,1,0,1,1,0,0,0,0,0,0,0,0,1,1,0,0,1,1,1,1,1,1,1,0,1,0,1,0,0,0,0,1,0,1,0,0,0,1,0,1,1,1,1,1,0,1,0,0,0,1,1,1,1,1,1,0,1,1,1,1,1,0,0,0,1,0,0,1,0,0,0,0,1,0,1,0,1,0
L_308,venus,0,1,0,0,1,1,1,0,1,0,0,1,1,1,1,0,1,0,0,1,1,1,1,1,1,0,0,1,0,0,0,1,0,1,0,0,1,1,1,0,0,1,1,0,0,1,1,1,1,1,1,1,0,0,0,1,1,0,0,0,1,0,0,1,1,0,1,0,0,0,1,1,1,0,1,1,0,1,1,1,0,1,0,0,1,1,0,1,1,1,0,1,0,1,1,1,1,0,1,0
L_309,pluto,1,1,0,0,1,1,0,0,0,1,0,0,0,1,1,1,0,1,1,0,0,1,1,0,1,1,1,0,0,0,0,0,0,0,1,1,0,0,1,1,1,1,1,1,1,0,1,0,1,0,0,0,0,1,0,1,0,0,0,1,0,1,1,1,1,1,0,1,0,0,0,1,1,1,1,1,0,0,1,0,1,1,1,0,0,0,0,0,0,1,0,0,0,0,1,1,1,0,1,0
L_310,mercury,1,0,0,1,0,0,0,0,1,0,1,1,1,1,1,0,1,1,0,0,0,1,1,1,0,1,1,0,0,1,1,1,1,0,0,0,0,0,0,0,1,1,0,0,0,1,1,0,0,0,1,0,0,0,0,1,0,0,1,0,1,0,1,0,1,1,1,1,0,0,0,1,1,1,1,0,0,1,0,0,0,1,0,1,0,0,0,1,0,0,1,0,0,1,1,0,0,1,1,1
L_311,mars,0,1,0,0,0,0,1,0,1,0,0,1,1,1,1,0,1,0,0,1,1,1,1,0,1,0,0,0,0,0,0,1,0,0,0,0,1,1,1,0,0,1,1,0,0,1,1,1,1,1,1,1,0,0,0,1,0,0,0,0,1,0,0,1,0,0,0,0,0,0,1,1,1,0,1,1,0,1,1,1,0,1,0,0,0,1,0,1,1,1,0,1,0,1,1,1,1,0,1,1
L_312,saturn,1,1,0,0,1,1,0,0,0,1,0,0,0,1,1,1,0,1,1,0,0,1,1,0,1,1,1,0,0,0,0,0,0,0,1,1,0,0,1,1,1,1,1,1,1,0,1,0,1,0,0,0,0,1,0,0,0,0,0,1,0,1,1,1,1,0,0,1,0,0,0,1,1,1,0,1,1,1,1,1,1,1,1,0,0,1,0,0,0,1,0,0,0,0,1,0,1,0,1,0
L_313,pluto,1,1,0,0,1,1,0,0,0,1,0,0,0,1,1,1,0,1,1,0,0,1,1,0,1,1,1,0,0,0,0,0,0,0,1,1,0,0,1,1,1,1,1,1,1,0,1,0,0,0,0,0,0,1,0,1,0,0,0,1,0,1,1,1,1,1,0,1,0,0,0,1,1,1,1,1,1,0,1,1,1,1,1,0,0,0,0,0,0,1,0,0,0,0,1,0,1,0,1,0
L_314,pluto,1,1,0,0,1,1,0,0,0,1,0,0,0,1,1,1,0,1,1,0,0,1,1,0,1,1,1,0,0,0,0,0,0,0,0,1,0,0,1,1,1,1,1,1,1,0,1,0,1,0,0,0,0,1,0,1,0,0,0,1,0,1,1,1,1,1,0,1,0,0,0,1,1,1,1,1,1,0,1,1,1,1,1,0,0,1,0,0,0,1,0,0,0,0,1,0,1,0,1,0
L_315,pluto,1,1,0,0,1,1,0,0,0,1,0,1,0,1,1,1,0,1,1,0,0,1,1,0,1,1,1,0,0,0,0,0,0,0,1,1,0,0,1,1,1,1,1,0,1,0,1,0,1,0,0,0,0,1,0,1,0,0,0,1,0,1,1,1,1,1,0,1,0,0,0,1,1,1,1,1,1,0,1,1,1,1,1,1,0,0,0,0,0,1,0,1,0,0,1,0,1,0,1,1
L_316,mars,0,1,0,0,0,0,1,0,1,0,0,1,1,1,1,0,1,0,0,1,1,1,1,0,1,0,0,1,0,1,0,1,0,0,0,0,1,1,1,0,0,1,1,0,0,1,1,1,1,1,1,1,0,0,0,1,0,0,0,0,1,0,0,1,0,0,0,0,0,0,1,1,1,0,1,1,0,1,1,1,0,1,0,0,0,1,0,1,1,1,0,1,0,1,1,1,1,0,1,1
L_317,venus,0,1,0,0,1,1,1,0,1,0,0,1,1,1,1,0,1,0,0,1,1,1,1,1,1,0,1,1,0,1,0,1,0,1,0,0,1,1,1,0,0,1,1,0,0,1,1,1,1,1,1,1,0,0,0,1,1,1,0,0,1,0,0,1,0,0,1,0,0,0,1,1,1,0,1,1,0,1,1,1,0,1,0,0,1,1,0,1,1,1,0,1,0,1,1,1,1,0,1,0
L_318,venus,0,1,0,0,1,1,1,0,1,0,0,1,1,1,1,0,1,0,0,1,1,1,1,1,1,0,0,1,0,0,0,1,0,1,0,0,1,1,1,0,0,1,1,0,0,1,1,1,1,1,1,1,0,0,0,1,0,0,0,0,1,0,0,1,0,0,1,0,0,0,1,1,1,0,1,1,0,1,1,1,0,1,0,0,1,1,0,1,1,1,0,1,0,1,1,1,1,0,1,0
L_319,pluto,1,1,0,0,1,1,1,0,0,1,0,0,1,1,1,1,0,1,1,1,0,1,1,0,1,1,1,0,0,0,0,0,0,0,1,1,0,0,1,1,1,1,1,1,1,0,1,0,1,0,0,0,0,1,0,1,1,0,0,1,0,1,1,0,1,1,0,1,0,0,0,1,1,1,1,1,1,0,1,1,1,1,1,0,0,0,0,0,0,1,0,0,0,0,1,0,1,0,1,0
L_320,saturn,1,1,0,0,1,1,0,0,0,1,0,0,0,1,1,1,0,1,1,0,0,1,1,0,1,1,1,0,0,0,1,0,0,0,1,1,0,0,1,1,1,1,1,1,1,0,1,0,1,0,0,0,0,1,0,0,0,0,0,1,0,1,1,1,1,1,0,1,0,0,0,1,1,1,0,1,1,0,1,0,1,1,1,0,0,1,0,0,0,1,0,0,0,0,1,0,1,0,1,0
L_321,mercury,1,0,0,1,0,0,0,0,1,0,1,1,1,1,1,0,1,1,0,0,0,1,1,1,0,1,1,1,0,1,1,1,1,0,0,0,0,0,0,0,1,1,0,0,0,1,1,0,0,0,1,0,0,0,0,1,0,0,1,0,1,0,1,1,1,1,1,1,0,0,0,1,1,1,1,0,0,1,0,0,0,1,0,0,0,0,0,0,0,0,1,0,1,1,1,0,0,1,1,1
L_322,mars,0,1,0,0,0,1,1,0,1,0,0,1,1,1,1,0,0,0,0,1,1,1,1,0,1,0,0,0,0,1,0,1,0,0,0,0,1,1,1,0,0,1,1,0,0,1,1,1,1,1,1,1,0,0,0,1,0,0,0,0,1,1,0,1,0,0,0,0,0,0,1,1,1,0,1,1,0,1,1,1,0,1,0,0,0,1,0,1,1,1,0,1,0,1,1,1,1,0,1,1
L_323,mercury,1,0,0,1,0,0,0,0,1,0,1,1,1,1,1,0,1,1,0,0,0,1,1,1,1,1,1,1,0,1,1,1,1,0,0,0,0,0,0,0,1,1,0,0,0,1,1,0,0,0,1,0,0,0,0,1,0,0,1,0,1,0,1,1,1,1,1,1,0,0,0,1,1,1,1,0,0,1,0,0,0,1,0,0,0,0,0,1,0,0,1,0,0,1,1,0,0,1,1,1
L_324,mercury,1,0,0,1,0,0,0,0,1,0,1,1,1,1,1,0,1,1,0,0,0,1,1,1,0,1,1,1,0,1,1,1,1,0,0,0,0,0,0,0,1,1,0,0,0,1,1,0,0,0,1,0,0,0,0,1,0,0,1,0,1,0,1,1,1,1,1,1,0,0,0,1,1,1,1,0,0,1,0,0,0,1,0,0,0,0,0,1,0,0,1,0,0,1,1,0,0,1,1,1
L_325,mercury,1,0,0,1,0,0,0,0,1,0,1,1,1,1,1,0,1,1,0,0,0,1,1,1,0,1,1,1,0,1,1,1,1,0,0,0,0,0,1,0,1,1,0,0,0,1,1,0,0,0,1,0,0,0,0,1,0,0,1,0,1,0,1,0,1,1,1,1,0,0,0,1,1,1,1,0,0,1,0,0,0,1,0,0,0,0,0,1,0,0,1,0,0,1,1,0,0,1,1,1
L_326,venus,0,1,0,0,1,1,1,0,1,0,0,1,1,1,1,0,1,0,0,1,1,1,1,1,1,0,0,1,0,0,0,1,0,1,0,0,1,1,1,0,0,1,1,0,0,1,1,1,1,1,1,1,0,0,0,1,1,1,0,0,1,0,0,1,0,0,1,0,0,0,0,1,1,0,1,1,0,1,1,1,0,1,0,0,1,1,0,1,1,1,0,1,0,1,1,1,1,0,1,0
L_327,saturn,1,0,0,0,1,1,0,0,0,1,0,0,0,1,1,1,0,1,1,0,0,1,1,0,1,1,1,0,0,0,0,0,0,0,1,1,0,0,1,1,1,1,1,1,1,0,1,0,1,0,0,0,0,1,0,0,0,0,0,1,0,1,1,1,1,1,0,1,0,0,0,1,1,1,0,1,1,0,1,1,1,1,1,0,0,1,0,0,0,1,0,0,0,0,1,0,1,0,1,0
L_328,mercury,1,0,0,1,0,0,0,0,1,0,1,1,1,1,1,0,1,1,0,0,1,1,1,1,0,1,1,1,0,1,1,1,1,0,0,0,0,0,0,0,1,1,0,0,0,1,1,0,0,0,1,0,0,0,0,0,1,0,1,0,1,0,1,1,1,1,1,1,0,0,0,1,1,1,1,0,0,1,0,0,0,1,0,0,0,0,0,1,0,0,1,0,0,1,1,0,0,1,1,1
L_329,saturn,1,1,0,0,1,1,0,0,0,1,0,0,1,1,1,1,0,1,1,0,0,1,1,0,1,1,1,0,0,0,0,0,0,0,1,1,0,0,1,1,1,1,1,1,1,0,1,0,1,0,0,0,0,1,0,0,0,0,0,1,0,1,1,1,1,1,0,1,0,0,0,1,1,1,0,1,1,0,1,1,1,1,1,0,0,1,0,0,0,1,0,0,0,0,1,0,1,0,1,0
L_330,mars,0,1,0,0,0,0,1,0,1,0,0,1,1,1,1,0,1,0,0,1,1,1,1,0,1,0,0,0,0,1,0,1,0,0,0,0,1,1,1,0,0,1,1,0,0,1,1,1,1,1,1,1,0,0,0,1,0,0,0,0,1,0,0,1,0,0,0,0,0,0,1,1,1,0,1,1,0,1,1,1,0,1,0,0,0,1,0,1,1,1,0,1,0,1,1,1,1,0,1,1
L_331,mercury,1,0,0,1,0,0,0,0,1,0,1,1,1,1,1,0,1,1,0,0,0,1,1,1,0,1,1,1,0,1,1,1,1,0,0,0,0,0,0,0,1,1,0,0,0,1,1,0,0,0,1,0,0,0,0,1,0,0,1,0,1,0,1,1,1,1,1,1,0,0,0,1,1,1,1,0,0,1,0,0,0,1,0,0,0,0,0,1,0,0,1,0,0,1,1,0,1,1,1,1
L_332,mars,0,1,0,0,0,0,1,0,1,0,0,1,0,1,1,0,1,0,0,1,1,1,1,0,1,0,0,0,0,1,0,1,0,0,0,0,1,1,1,0,0,1,1,0,0,1,1,1,1,1,1,1,0,0,0,1,0,0,0,0,1,0,0,1,0,0,0,0,0,1,1,1,1,0,1,1,1,1,1,1,0,1,0,0,0,1,0,1,1,1,0,1,0,1,1,1,1,0,1,1
L_333,pluto,1,1,0,0,1,1,0,0,0,1,0,0,0,1,1,1,0,1,0,0,0,1,1,0,1,1,1,0,0,0,0,0,0,0,1,1,0,0,1,1,1,1,1,1,1,0,1,0,1,0,0,0,0,1,0,1,0,0,0,1,0,1,1,1,1,1,0,1,0,0,0,1,1,1,1,1,1,0,1,1,1,1,1,0,0,0,0,0,0,1,0,0,0,0,1,0,1,0,1,0
L_334,mercury,1,0,0,1,0,0,0,0,1,0,1,1,1,1,1,0,1,1,0,0,0,1,1,1,0,1,1,1,0,1,1,1,1,0,0,0,0,0,0,0,1,1,0,0,0,1,1,0,0,0,1,0,0,0,0,1,0,1,1,0,1,1,1,1,1,1,1,1,0,0,0,1,1,1,1,0,0,1,0,0,0,1,0,0,0,0,0,1,0,0,1,0,0,1,1,0,0,1,1,1
L_335,mercury,1,0,0,1,0,0,0,0,1,0,1,1,1,1,1,0,1,1,0,0,0,1,1,1,0,1,1,1,0,1,1,1,1,0,0,0,0,0,0,0,1,1,0,0,0,1,1,0,0,0,1,0,0,1,0,1,0,0,1,0,1,0,1,1,1,1,1,1,0,0,0,1,1,1,1,0,0,1,0,0,0,1,0,0,0,0,0,1,0,0,1,0,0,1,1,0,0,1,1,1
L_336,mars,0,1,0,0,0,0,1,0,1,0,0,1,1,1,1,0,1,0,0,1,1,1,1,0,1,0,0,0,0,1,0,1,0,0,0,0,1,1,1,0,0,1,1,0,0,1,1,1,1,1,1,1,0,0,0,1,0,0,0,0,1,0,0,1,0,0,0,0,0,0,1,1,1,0,1,1,0,1,1,1,0,1,0,0,0,1,0,1,1,1,0,1,0,1,1,1,1,0,1,1
L_337,venus,0,1,0,0,1,1,1,0,1,0,0,1,0,0,1,0,1,0,0,1,1,1,1,1,1,0,1,1,1,0,0,1,0,1,0,0,1,1,1,0,0,1,1,0,0,1,1,1,1,1,1,1,0,1,0,1,1,0,0,0,1,0,0,1,0,0,1,0,0,0,1,1,1,0,1,1,0,1,1,1,0,1,0,0,1,1,0,1,1,1,0,1,0,1,1,1,1,0,1,0
L_338,saturn,1,1,0,0,1,1,0,0,0,1,0,0,0,1,0,1,0,1,1,0,0,1,1,0,1,1,1,0,0,0,0,0,0,0,1,1,0,0,1,1,1,1,1,1,1,0,1,0,1,0,0,0,0,0,0,0,0,0,0,1,0,1,1,1,1,1,1,1,0,0,0,1,1,1,0,1,1,0,1,1,1,1,1,0,0,1,0,0,0,1,0,0,0,0,1,0,1,0,1,0
L_339,venus,0,1,0,0,1,1,1,0,1,0,0,1,1,1,1,0,1,0,0,0,1,1,1,1,1,0,0,1,0,0,0,1,0,1,0,0,1,1,1,0,1,1,1,0,0,1,1,1,1,0,1,1,0,1,0,1,1,0,0,0,1,0,0,1,0,0,1,0,0,0,1,1,1,0,1,1,0,1,1,1,0,1,0,1,1,1,0,1,1,1,0,1,0,1,1,1,1,0,1,0
L_340,venus,0,1,0,0,1,1,0,0,1,0,0,1,1,1,1,0,1,0,0,1,1,1,1,1,1,0,0,1,0,0,0,1,0,1,0,0,1,1,1,0,0,1,1,0,0,1,1,1,1,1,1,1,0,0,0,1,1,0,0,0,1,0,0,1,0,0,1,0,0,0,1,1,1,0,1,1,0,1,1,1,0,1,0,0,1,1,0,1,1,1,0,1,0,1,1,1,1,0,1,0
L_341,venus,0,1,0,0,1,1,1,0,1,0,0,1,1,1,1,0,1,0,0,1,1,1,1,1,1,0,1,1,0,0,0,1,0,1,0,0,1,1,1,0,0,1,1,1,0,1,1,1,1,1,1,1,0,0,0,1,1,0,0,0,1,0,0,1,0,0,1,0,0,0,1,1,1,0,1,1,0,1,1,1,0,1,0,0,1,1,0,1,1,1,0,1,0,1,1,1,1,0,1,0
L_342,saturn,1,1,0,0,1,1,0,0,0,1,0,0,0,1,1,1,0,1,1,0,0,1,1,0,1,1,1,0,0,0,0,0,0,0,1,1,0,0,1,1,1,1,1,1,1,0,1,0,1,0,0,0,0,1,0,0,0,0,0,1,0,1,1,1,1,1,0,1,0,0,0,1,1,1,0,1,1,0,1,0,1,1,1,0,0,1,0,0,0,1,0,0,0,0,1,0,1,0,1,0
L_343,venus,0,1,0,0,1,1,1,0,1,0,0,1,1,1,1,0,1,0,0,1,1,1,1,1,1,0,0,1,0,0,0,1,0,1,0,0,1,1,1,0,0,1,1,0,0,1,1,0,1,1,1,1,0,0,0,1,1,0,0,0,1,0,0,1,0,1,1,0,0,0,1,1,1,0,1,1,0,1,1,0,0,1,0,0,1,1,0,1,1,1,0,1,0,1,1,1,1,0,1,0
L_344,saturn,1,1,0,0,1,1,0,0,0,1,0,0,0,1,1,1,0,1,1,0,0,1,1,0,1,1,1,0,0,0,0,0,0,0,1,1,0,0,1,1,1,1,1,1,1,0,1,0,1,0,0,0,0,1,0,0,0,0,0,1,0,1,1,0,1,1,0,1,0,0,0,1,1,1,0,1,1,0,1,1,1,1,1,0,0,1,0,0,0,1,0,0,0,0,1,0,1,0,1,0
L_345,pluto,1,1,0,0,0,1,0,0,0,1,0,0,0,1,1,1,0,1,1,0,0,1,1,0,1,0,1,0,0,0,0,0,0,0,0,1,0,0,1,1,1,1,1,1,1,0,1,0,1,0,0,0,0,1,0,1,0,0,0,1,0,1,1,1,1,1,0,1,0,0,0,1,1,1,1,1,1,0,1,1,1,1,1,0,0,0,0,0,0,1,0,0,0,0,1,0,1,0,1,0
L_346,mars,0,1,0,0,0,0,1,0,1,0,0,1,1,1,1,0,1,0,0,1,1,1,1,0,1,0,0,0,0,1,0,0,0,0,0,0,1,1,1,0,0,1,1,0,0,1,1,1,1,1,1,1,0,0,0,1,0,0,0,0,1,0,0,1,0,0,1,0,0,0,1,1,1,0,1,1,0,1,1,1,0,1,0,0,0,1,0,1,1,1,1,1,0,1,1,1,1,0,1,1
L_347,saturn,1,0,0,0,1,1,0,0,0,1,0,0,0,1,1,1,0,1,1,0,0,1,1,0,1,1,1,0,0,0,0,0,0,0,1,1,0,0,1,1,1,0,1,1,1,0,1,0,1,0,0,0,0,1,0,0,0,0,0,1,0,1,1,1,1,1,0,1,0,0,0,0,1,1,0,1,1,0,1,1,1,1,1,0,0,1,0,0,0,1,0,0,0,0,1,0,1,0,0,0
L_348,pluto,1,0,0,0,1,1,0,0,0,1,0,0,0,1,1,1,0,1,1,0,0,1,1,0,1,1,1,0,0,0,0,0,0,0,1,1,0,0,1,1,1,1,1,1,1,0,1,0,0,0,0,0,0,1,0,1,0,0,0,1,0,1,1,1,1,1,0,1,0,0,0,1,1,1,1,1,1,0,1,1,1,1,1,0,0,0,0,0,0,1,0,0,0,0,1,0,1,0,1,0
L_349,mercury,1,0,0,1,0,0,0,0,1,0,1,1,1,1,1,0,1,1,0,0,0,1,1,1,0,1,1,1,0,1,1,1,1,0,0,0,0,0,0,0,1,1,0,0,0,1,1,0,0,0,1,0,0,0,0,1,0,0,1,0,1,0,1,1,0,1,1,1,0,0,0,1,1,1,1,0,0,1,0,0,0,1,0,0,0,0,0,1,0,0,1,0,0,1,1,0,0,1,1,1
L_350,mars,0,1,0,0,0,0,1,0,1,0,0,1,1,1,1,0,1,0,0,1,1,1,1,0,1,0,0,0,0,1,0,1,0,0,0,1,1,1,1,0,0,1,1,0,0,1,1,1,1,1,1,1,0,0,0,1,0,0,1,0,1,0,0,1,0,0,0,0,0,0,1,1,1,0,1,1,0,1,1,1,0,1,0,0,0,1,0,1,1,1,0,1,0,1,1,1,1,0,1,1
L_351,mars,0,1,0,0,0,0,1,0,1,0,0,1,1,1,1,0,1,0,0,0,1,1,0,0,1,0,0,0,0,1,1,1,0,0,0,0,1,1,1,0,0,1,1,0,1,1,1,1,1,1,1,1,0,0,0,1,0,0,1,0,1,0,0,1,0,0,0,0,0,0,1,1,1,0,1,1,0,1,0,1,0,1,0,0,0,1,0,1,1,1,0,1,0,1,1,1,1,0,1,1
L_352,mars,0,1,0,0,0,0,1,1,1,0,0,1,1,1,1,0,1,0,0,1,1,1,1,0,1,0,0,0,0,1,0,1,0,0,0,0,1,1,1,0,0,1,1,0,0,1,1,1,1,1,1,1,0,0,0,1,0,0,0,0,1,0,0,1,0,0,0,0,0,0,1,1,1,0,1,1,0,1,1,1,0,1,0,0,0,1,0,1,1,1,0,1,0,1,1,1,1,0,1,1
L_353,mars,0,1,0,0,0,0,1,0,1,0,0,1,1,1,1,0,1,0,0,1,1,1,1,0,1,0,0,0,0,1,0,1,0,0,0,0,1,1,1,0,0,1,1,0,0,1,1,1,1,1,1,1,0,0,0,1,0,0,0,0,1,0,0,1,0,0,0,0,0,0,1,0,1,0,1,1,0,1,1,1,0,1,0,0,0,1,0,0,1,1,0,0,0,1,1,1,1,0,1,1
L_354,pluto,1,1,0,0,1,1,0,0,0,1,0,0,0,1,1,1,0,1,1,0,0,1,1,0,1,1,1,0,0,0,0,0,0,0,1,1,0,0,1,1,1,1,1,1,1,0,1,0,1,0,0,0,0,1,1,1,0,0,0,1,0,1,1,1,1,1,0,1,0,0,0,1,1,1,1,1,1,0,1,1,1,1,1,0,0,0,0,0,0,1,0,0,0,0,1,0,1,0,1,0
L_355,mars,0,1,0,0,0,0,1,0,1,0,0,1,1,1,1,0,1,0,0,1,1,1,1,0,1,0,0,0,0,1,0,1,0,0,0,0,1,1,1,0,0,0,1,0,1,1,1,1,1,1,1,1,0,0,0,1,0,0,0,0,1,0,0,1,0,1,0,0,0,0,1,1,1,0,1,1,0,1,1,1,0,1,0,0,0,1,0,1,1,1,0,1,0,1,1,1,1,0,1,1
L_356,saturn,1,1,0,0,1,1,0,0,0,1,0,0,0,1,1,1,0,0,1,0,0,1,1,0,1,1,1,0,0,0,0,0,0,0,1,1,0,0,1,1,1,1,1,1,1,0,1,0,1,0,0,0,0,1,0,0,0,0,0,1,0,1,1,1,1,1,0,1,0,0,0,1,1,1,0,1,1,0,1,1,1,1,1,0,0,1,0,0,0,1,0,0,0,0,1,0,1,0,1,0
L_357,venus,0,1,0,0,1,1,1,0,1,0,0,1,1,1,1,0,1,0,0,1,1,1,1,1,1,0,0,1,0,0,0,1,0,1,1,0,1,1,1,0,0,1,1,0,0,1,1,1,0,1,0,1,0,0,0,1,1,0,0,0,1,0,0,1,0,0,1,0,0,0,1,1,1,0,1,1,0,1,1,1,0,1,0,0,1,1,0,1,1,1,0,1,0,1,1,1,1,0,1,0
L_358,venus,0,1,0,0,1,1,1,0,1,1,0,1,1,1,1,0,1,0,0,1,1,1,1,1,1,0,1,1,0,0,0,1,0,1,0,0,1,1,1,0,0,1,1,0,0,1,1,1,1,1,1,1,0,0,0,1,1,0,0,0,1,0,0,1,0,0,1,0,0,0,1,1,1,0,1,1,0,1,1,1,0,1,0,0,1,1,0,1,1,1,0,0,0,1,1,1,1,0,1,0
L_359,saturn,1,1,0,0,1,1,0,0,0,1,0,0,0,1,1,1,0,1,1,0,0,1,1,0,1,1,1,0,0,0,0,0,0,0,1,1,0,0,0,1,1,1,1,1,1,0,1,0,0,0,0,0,0,1,0,0,0,0,0,1,0,1,1,1,1,1,0,1,0,0,0,1,1,1,0,1,1,0,1,0,1,1,1,0,0,1,0,0,0,1,0,0,0,0,1,0,1,0,1,0
L_360,saturn,0,1,0,0,1,0,0,1,0,1,0,0,0,1,1,1,0,1,1,0,0,1,1,0,1,1,1,0,0,0,0,0,0,0,1,1,0,0,1,1,1,1,1,1,1,0,1,0,1,0,0,0,0,1,0,0,0,0,0,1,0,1,1,1,1,1,0,0,0,0,0,1,1,1,0,1,1,0,1,1,1,1,1,0,0,1,0,0,0,1,0,0,0,0,1,0,1,0,1,0
L_361,mercury,1,0,0,1,0,0,0,0,1,0,1,1,1,1,1,0,1,1,0,0,0,1,1,1,0,0,1,1,0,1,1,1,1,0,0,0,0,0,0,0,1,1,0,0,0,1,0,0,0,0,0,0,0,0,1,1,0,0,1,0,1,0,1,1,1,1,1,1,0,0,0,1,1,0,1,0,0,1,0,0,0,1,0,0,0,0,0,1,0,0,1,0,0,1,1,0,0,1,1,1
L_362,mercury,1,0,0,1,0,0,0,0,1,0,1,0,1,1,1,0,1,1,0,0,0,1,1,1,0,1,1,1,0,1,1,1,1,0,0,0,0,0,0,0,1,1,0,0,0,1,1,0,0,0,1,0,0,0,0,1,0,0,1,0,1,0,1,1,1,1,1,1,0,0,0,1,1,0,1,0,0,1,0,0,0,1,0,0,0,0,0,1,0,0,1,0,0,1,1,0,0,1,1,1
L_363,saturn,1,1,0,0,1,1,0,0,0,1,0,0,0,1,1,1,0,1,1,0,0,1,1,0,1,0,1,0,0,0,1,0,0,0,1,1,0,0,1,1,1,1,1,1,1,0,1,0,1,0,0,0,0,1,0,1,0,0,0,1,0,1,1,1,1,1,0,1,0,0,0,1,1,1,0,1,1,0,1,1,1,1,1,0,0,1,0,0,0,1,0,0,0,0,1,0,1,0,1,0
L_364,pluto,1,1,0,0,1,1,0,0,0,1,0,0,0,1,1,1,0,1,1,0,0,1,1,0,1,1,1,0,0,0,0,0,0,0,1,1,0,0,1,1,1,1,1,1,1,0,1,0,1,0,1,0,0,1,0,1,0,0,0,1,0,1,1,1,1,1,0,1,0,0,0,1,1,1,1,1,1,0,0,1,1,1,1,0,0,0,0,0,0,1,0,0,0,0,1,0,1,0,1,0
L_365,pluto,1,1,0,0,1,1,0,0,0,1,0,0,0,1,1,1,0,1,1,0,0,1,1,0,1,1,1,0,0,0,0,0,0,0,0,1,0,0,1,1,1,1,1,1,1,0,1,0,1,0,0,0,0,1,0,1,0,0,0,1,0,1,1,1,0,1,0,1,0,0,0,1,1,1,1,0,1,0,1,1,1,1,1,0,0,0,0,0,0,1,0,0,0,0,1,0,1,0,1,0
L_366,saturn,0,1,1,0,1,1,0,0,0,1,0,0,0,1,1,1,0,1,1,0,0,1,1,0,1,1,1,0,0,0,0,0,0,0,1,1,0,0,1,1,1,1,1,1,1,0,1,0,1,0,0,0,0,1,0,1,0,0,0,1,0,1,1,1,1,1,0,1,0,0,0,1,1,1,0,1,1,0,1,1,1,1,1,0,0,1,0,0,0,1,0,0,0,0,1,0,1,0,1,0
L_367,pluto,1,1,0,0,1,1,0,0,0,1,0,0,0,1,0,1,0,1,1,0,0,1,1,0,1,1,1,0,0,0,0,0,0,0,1,1,0,0,1,1,1,1,1,1,1,0,1,0,1,0,0,0,0,1,0,1,0,0,0,1,0,1,0,1,1,1,0,1,0,0,0,1,1,1,1,1,1,0,1,1,1,1,1,0,0,0,0,0,0,1,0,0,0,0,1,0,1,0,1,0
L_368,venus,0,1,0,0,1,1,1,0,1,0,1,1,1,1,1,0,1,0,0,1,1,1,1,1,1,0,0,1,0,0,0,1,0,1,0,1,1,1,1,0,0,1,1,0,0,1,1,1,1,1,1,1,0,0,0,1,1,0,0,0,1,0,0,1,0,0,1,0,0,0,1,1,1,0,1,1,0,1,1,1,0,1,0,0,1,1,0,1,1,1,0,1,0,1,1,1,1,0,1,0
L_369,mars,0,1,0,0,0,0,1,0,1,0,1,1,1,1,1,0,1,0,0,1,1,1,1,0,1,0,0,0,0,1,0,1,0,0,0,0,1,1,1,0,0,1,1,0,0,1,1,1,1,1,1,1,0,0,0,1,0,0,0,0,1,0,0,1,0,0,0,0,0,0,1,1,1,1,1,1,0,1,1,1,1,1,0,0,0,1,0,1,1,1,0,1,0,1,1,1,1,0,1,1
L_370,mars,0,1,0,0,0,0,1,0,1,0,0,1,1,1,1,0,1,0,0,1,1,1,1,0,1,0,0,0,0,1,0,1,0,0,0,0,1,1,1,0,0,1,1,0,0,1,1,1,1,1,1,1,0,0,0,1,0,0,0,0,1,0,0,0,0,0,0,0,0,0,1,1,1,0,1,1,0,1,1,1,0,1,0,0,0,1,0,1,1,1,0,1,0,1,1,1,1,0,1,1
L_371,saturn,1,1,0,0,1,1,0,0,0,1,0,0,0,1,1,1,0,1,1,0,0,1,1,0,1,1,1,0,0,0,0,0,0,0,1,1,0,0,1,1,1,1,1,1,1,0,1,1,1,0,0,0,0,1,0,0,0,0,0,1,0,1,1,1,1,1,0,1,0,0,0,1,1,1,0,1,1,0,1,1,1,1,1,0,0,1,0,0,0,1,0,0,0,0,1,0,1,0,1,0
L_372,saturn,1,1,0,0,1,1,0,0,0,1,0,0,0,1,1,1,0,1,1,0,0,1,1,0,1,1,1,0,0,0,0,0,0,0,1,1,0,0,1,1,1,1,1,1,1,0,1,0,1,0,0,0,0,1,1,0,0,0,0,1,0,1,1,1,1,1,0,1,0,0,0,1,1,1,0,1,1,0,1,1,1,1,1,0,0,0,0,1,0,1,0,0,0,0,1,0,1,0,1,0
L_373,mercury,1,0,0,1,0,0,0,0,1,0,1,1,1,1,1,0,1,1,0,0,0,1,1,1,0,1,1,1,0,1,1,1,1,0,0,0,0,0,0,0,1,1,0,0,0,1,1,0,0,0,1,0,0,0,0,1,0,0,1,0,1,0,1,1,1,1,1,1,0,0,0,1,1,1,1,0,0,1,0,0,0,1,0,0,0,0,0,1,0,0,1,0,1,1,1,0,0,1,1,1
L_374,mars,0,1,0,0,0,0,1,0,1,0,0,1,1,1,1,0,1,0,0,1,1,1,1,0,1,0,0,0,0,1,0,1,0,0,0,0,1,1,1,0,0,1,1,0,0,1,1,1,1,1,1,1,0,0,0,1,0,0,0,0,1,0,0,1,0,0,0,0,0,0,1,1,1,0,1,1,0,1,1,1,0,1,0,0,0,1,0,1,1,1,0,1,0,1,1,1,1,0,1,1
L_375,pluto,1,1,0,0,1,1,0,0,0,1,0,0,0,1,1,1,0,1,1,0,0,1,1,0,1,1,1,0,0,0,0,0,0,0,1,1,0,0,1,1,1,1,1,1,1,0,1,0,1,0,0,0,0,1,0,1,0,0,0,1,0,1,0,1,1,1,0,1,0,0,0,1,1,1,1,1,1,0,1,1,1,1,1,0,0,0,0,0,0,1,1,0,0,0,1,0,1,0,1,0
L_376,pluto,1,1,0,0,1,1,0,0,0,1,0,0,0,1,1,1,0,1,1,0,0,1,1,0,1,1,1,0,0,0,0,0,0,0,1,1,0,0,1,1,1,1,1,1,1,0,1,0,1,0,0,0,0,1,0,1,0,0,0,1,0,1,1,1,1,1,0,1,0,0,0,1,1,1,1,1,1,0,1,1,1,1,1,0,0,0,0,0,0,1,0,0,0,0,1,0,1,0,1,1
L_377,mars,0,1,0,0,0,0,1,0,1,0,0,1,1,1,1,0,1,0,0,1,1,1,1,0,1,0,0,0,0,1,0,1,0,0,0,0,1,1,1,0,0,1,1,0,0,1,1,1,1,1,1,1,0,0,0,1,0,0,0,0,1,0,0,1,0,0,0,0,0,0,1,1,1,0,1,1,0,1,1,1,1,1,0,0,0,1,0,1,1,1,0,1,0,1,1,1,1,0,1,0
L_378,saturn,1,1,0,0,1,1,0,1,0,1,0,0,0,1,1,1,0,1,1,0,0,1,0,0,1,1,1,0,0,0,0,0,0,0,1,1,0,0,1,1,1,1,1,1,1,0,1,0,1,0,0,0,0,1,0,0,0,0,0,1,0,1,1,1,1,1,0,1,0,0,0,1,1,1,0,1,1,0,1,1,1,1,1,0,0,1,0,0,0,1,0,0,0,0,1,1,1,0,1,0
L_379,mars,0,1,0,0,0,0,1,0,1,0,0,1,1,1,1,0,1,0,0,1,1,1,1,0,1,0,0,0,0,1,0,1,0,0,0,0,1,1,1,0,1,1,1,0,0,1,1,1,1,1,1,1,0,0,0,1,0,0,0,0,1,0,0,1,0,0,0,0,0,0,1,1,1,0,1,1,0,1,1,0,0,1,0,0,0,1,0,1,1,1,0,1,0,1,1,1,1,0,1,1
L_380,venus,0,1,0,0,1,1,1,0,1,0,0,1,1,1,1,0,1,0,0,1,1,1,1,1,1,0,0,0,0,0,0,0,0,1,0,0,1,1,1,0,0,1,1,0,0,1,1,1,1,1,1,1,0,0,0,1,1,0,0,0,1,0,0,1,0,0,1,0,0,0,1,1,1,0,1,1,0,1,1,1,0,1,0,0,1,1,0,1,1,1,0,1,0,1,1,1,1,0,1,0
L_381,mars,0,1,0,0,0,0,1,0,1,0,0,1,1,1,1,0,1,0,0,1,1,1,1,0,1,0,1,0,0,1,0,1,0,0,0,0,1,1,1,0,0,1,1,0,0,1,1,1,1,1,1,1,0,0,0,1,0,0,0,0,1,0,0,1,0,0,0,0,0,0,1,1,1,0,1,1,0,1,1,1,0,1,0,0,0,1,0,1,1,1,0,1,0,1,1,1,1,0,1,1
L_382,venus,0,1,0,0,1,1,1,0,1,0,0,1,1,1,1,0,1,0,0,1,1,1,1,1,1,0,0,1,0,0,0,1,0,1,0,0,1,1,1,0,0,1,1,0,0,1,1,1,0,1,1,1,0,0,0,1,1,0,0,0,1,0,0,1,0,0,1,0,0,0,1,1,1,0,1,1,0,1,1,1,0,1,0,0,1,1,0,1,1,1,0,1,0,1,1,1,1,0,1,0
L_383,mars,0,1,0,0,0,0,1,0,1,0,0,1,1,1,1,0,1,0,0,1,1,1,1,0,1,0,0,0,0,1,0,1,0,0,0,0,1,1,1,0,0,1,1,0,0,1,1,1,1,1,1,1,0,0,0,1,0,0,0,0,1,0,0,1,0,0,0,0,0,0,1,1,1,0,1,1,0,1,1,1,0,1,0,0,0,1,0,1,1,1,0,1,0,1,1,1,1,0,1,1
L_384,mercury,1,0,0,1,0,0,0,0,1,0,1,1,1,1,1,0,1,1,0,0,0,1,1,1,0,1,1,1,0,1,1,1,1,0,0,0,0,0,0,1,1,1,0,0,0,1,1,0,0,0,1,0,0,0,0,1,0,0,1,0,1,0,1,1,1,1,1,1,0,0,0,1,0,1,1,0,0,1,0,0,0,1,0,0,0,0,0,1,0,0,1,0,0,1,1,0,0,1,1,1
L_385,venus,0,1,0,0,1,1,1,0,1,0,0,1,1,1,1,0,1,0,0,1,1,1,1,0,1,0,0,1,0,0,0,1,0,1,0,0,1,1,1,0,0,1,1,0,0,1,1,1,1,1,1,1,0,0,0,1,1,0,0,0,1,0,0,1,0,0,1,0,0,0,1,0,1,1,1,1,0,1,1,0,0,1,0,0,1,1,0,1,1,0,0,1,0,0,1,1,1,0,1,0
L_386,mercury,1,0,0,1,0,0,0,0,1,0,1,1,1,1,1,0,1,1,0,0,0,1,1,1,0,1,1,1,0,1,1,1,1,0,0,0,0,0,0,0,1,1,0,0,0,1,1,0,0,0,1,0,0,0,0,1,0,0,1,0,1,0,1,1,1,1,1,1,0,0,0,1,1,1,1,0,0,1,0,0,0,1,0,0,0,0,0,1,0,0,1,0,0,1,1,0,0,1,1,1
L_387,mars,0,1,0,0,0,0,1,0,1,0,0,1,1,1,1,0,1,0,0,1,1,1,1,0,1,0,0,0,0,1,0,1,0,0,0,0,1,1,1,0,0,1,1,0,0,1,1,0,1,1,1,1,0,0,0,1,1,0,0,0,0,0,1,1,0,0,0,0,0,0,1,1,1,0,1,1,0,1,1,1,0,1,0,0,0,1,0,1,1,1,0,1,0,1,1,1,1,0,1,1
L_388,mercury,1,0,0,1,0,0,0,0,1,0,1,1,1,1,1,1,1,1,0,0,0,1,1,0,0,1,1,1,0,1,1,1,1,0,0,0,0,0,0,0,1,1,0,0,0,1,1,0,0,0,1,0,0,0,0,1,0,0,1,0,1,0,1,1,1,1,1,1,0,0,0,1,1,1,1,0,0,1,0,0,0,1,0,0,0,0,0,1,0,0,1,0,0,1,1,0,0,1,1,1
L_389,saturn,1,1,0,0,1,1,0,0,0,1,0,0,0,1,1,1,0,1,1,0,0,1,1,0,1,1,1,0,0,0,0,0,0,0,1,1,0,0,1,1,1,1,1,1,1,0,1,0,0,0,0,0,0,1,0,0,0,0,0,1,0,1,1,1,1,1,0,1,0,0,0,1,1,1,0,1,1,0,1,1,1,0,1,0,0,1,0,0,0,1,0,0,0,0,1,0,1,0,1,0
L_390,saturn,1,1,0,0,0,1,0,0,0,1,0,0,0,1,1,1,0,1,1,0,0,1,1,0,1,1,1,0,0,0,0,0,0,0,1,1,0,0,1,1,1,1,1,1,1,0,1,0,1,0,0,0,0,1,0,0,0,0,0,1,0,1,1,1,1,1,0,1,0,0,1,1,1,1,0,1,1,0,1,1,1,1,1,0,0,1,0,0,0,1,0,0,0,0,1,0,1,0,1,0
L_391,mercury,1,0,0,1,0,0,0,0,1,0,1,1,1,1,1,0,1,1,0,0,0,1,1,1,0,1,1,1,0,1,1,1,1,0,0,0,0,0,0,0,1,1,0,0,0,1,1,0,0,0,1,0,0,0,0,1,0,0,1,0,1,0,1,1,1,1,1,1,0,0,0,1,1,1,1,0,0,1,0,0,0,1,0,0,0,0,0,1,0,0,1,0,0,1,1,0,0,1,1,1
L_392,mars,0,1,0,0,0,0,1,0,1,0,0,1,1,1,1,0,1,0,0,1,1,1,1,0,1,0,0,0,0,1,0,1,0,0,0,0,1,1,1,0,0,1,1,0,0,1,1,1,1,1,1,1,0,0,0,1,0,0,0,0,1,0,0,1,0,0,0,0,0,0,1,1,1,0,1,1,0,1,1,1,0,1,0,0,0,1,0,1,1,1,0,1,0,1,1,1,1,0,1,1
L_393,pluto,1,1,0,1,1,1,0,0,0,1,0,0,0,1,1,1,0,1,1,0,0,1,1,0,1,1,1,0,0,0,0,0,0,0,1,1,0,0,1,1,1,1,1,1,1,0,1,0,1,0,0,0,0,1,0,1,0,0,0,1,0,1,1,1,1,1,1,1,0,0,0,1,1,1,1,1,1,0,1,1,1,1,1,0,0,0,0,0,0,1,0,0,0,0,1,0,1,0,1,0
L_394,venus,0,1,0,0,1,1,1,0,1,0,0,1,1,1,1,0,1,0,0,1,1,1,1,1,1,0,0,1,0,0,0,1,0,1,0,0,1,1,1,0,0,1,0,0,0,1,1,1,1,1,1,1,0,0,0,1,1,0,0,0,1,0,0,1,0,0,1,0,0,0,1,1,1,0,1,1,0,1,1,1,0,1,0,0,1,1,0,1,1,1,0,1,0,1,1,1,1,0,1,0
L_395,mercury,1,0,0,1,0,0,0,0,1,0,1,1,1,1,1,0,1,1,0,0,0,1,1,1,0,1,1,1,0,1,1,1,1,0,0,0,0,0,0,0,1,1,0,0,0,1,1,0,0,0,1,0,0,0,0,1,0,0,1,0,1,0,1,1,1,1,1,1,0,0,0,1,1,0,1,0,0,1,0,0,0,1,0,0,0,0,0,1,0,0,1,0,0,1,1,0,0,1,1,1
L_396,mercury,1,0,0,1,0,0,0,0,1,0,1,1,1,1,1,0,1,1,0,0,0,1,1,1,0,1,1,1,0,1,1,1,1,0,0,0,0,0,0,0,1,1,0,0,0,1,1,0,0,0,1,0,0,0,0,1,0,0,1,0,1,0,0,1,1,1,1,1,0,0,0,1,1,1,1,0,0,1,0,0,0,1,0,0,0,0,0,1,0,0,1,0,0,1,1,0,0,1,1,1
L_397,saturn,1,1,0,0,1,1,0,0,0,1,0,0,0,1,1,1,1,1,1,0,0,1,1,0,1,1,1,0,0,0,0,1,0,0,1,1,0,0,1,1,1,1,1,0,1,0,1,0,1,0,0,0,1,1,0,0,0,0,0,1,0,1,1,1,1,0,0,1,0,0,0,1,1,1,0,1,1,0,1,1,1,1,1,0,0,1,0,0,0,1,0,0,0,0,1,0,1,0,1,0
L_398,pluto,1,1,1,0,1,1,0,0,1,1,0,0,0,1,1,1,0,1,1,0,0,1,1,0,0,1,1,0,0,0,0,0,0,0,1,1,0,0,1,1,1,1,1,1,1,0,1,0,1,0,0,0,0,1,0,1,0,0,0,1,0,1,1,1,1,1,0,1,0,0,0,1,1,1,1,1,1,0,1,1,1,1,1,0,0,0,0,0,0,1,1,0,0,0,1,0,1,0,1,0
L_399,pluto,1,1,0,0,1,1,0,0,0,1,0,1,0,1,1,1,0,1,1,0,0,1,1,0,1,1,1,0,0,0,0,0,0,0,1,1,0,0,1,1,1,1,1,1,1,0,1,0,1,0,0,0,0,1,0,1,0,0,0,1,0,1,1,1,1,1,0,1,0,0,0,1,1,1,1,1,1,0,1,1,1,1,1,0,0,0,0,0,0,1,0,0,0,0,1,0,1,0,1,0
L_400,mars,0,1,0,0,0,0,1,1,1,0,0,1,1,1,1,0,1,0,0,1,1,1,1,0,0,0,0,0,0,1,0,1,0,0,0,0,0,1,1,0,0,1,1,0,0,1,1,1,1,1,1,1,0,0,0,1,0,0,0,0,1,0,0,1,0,0,0,0,0,0,1,1,1,0,1,1,0,1,1,1,0,1,0,0,0,1,0,1,1,1,0,1,0,1,1,1,1,1,1,1
L_401,venus,0,1,0,0,1,0,1,0,1,0,0,1,1,1,1,0,1,0,0,1,1,1,1,1,1,0,0,1,0,0,0,1,0,1,0,0,1,1,1,0,0,1,1,0,0,1,1,1,1,1,1,1,0,0,0,1,1,0,0,0,1,0,0,1,0,0,1,0,0,0,1,1,1,0,1,1,0,1,1,1,0,1,0,0,1,1,0,1,1,1,0,1,0,1,1,1,1,0,1,0
L_402,mars,0,1,0,0,0,0,1,0,1,0,0,1,1,0,1,0,1,0,0,1,1,1,1,0,1,0,0,0,0,1,0,1,0,0,0,0,1,1,1,0,1,1,1,0,0,1,1,1,1,1,1,1,0,0,0,1,0,0,0,0,1,0,0,1,0,0,0,0,0,0,1,1,1,0,1,1,0,1,1,1,0,1,0,0,0,1,0,1,1,0,0,1,0,1,1,1,1,0,1,1
L_403,mars,0,1,0,0,0,0,1,0,1,0,0,1,1,1,1,0,1,0,0,1,1,1,1,0,1,0,0,0,0,1,0,1,0,0,0,0,1,1,1,0,0,1,1,0,0,1,1,1,1,1,1,1,0,0,0,1,0,0,0,0,1,0,0,1,0,0,0,0,0,0,1,1,1,0,1,1,0,0,1,1,0,1,0,0,0,1,0,1,1,1,0,1,0,1,1,1,1,0,1,1
L_404,mercury,1,0,0,1,0,0,0,0,1,0,1,1,1,1,1,0,1,1,0,0,0,1,1,1,0,1,1,1,0,1,1,1,1,0,0,0,0,0,0,0,1,1,0,0,0,1,1,0,0,0,1,0,0,0,0,1,0,0,0,0,1,0,1,1,1,1,1,1,0,0,0,1,1,1,1,0,0,1,0,0,0,1,0,0,0,0,0,1,0,0,1,0,0,1,1,0,0,1,1,1
L_405,saturn,1,1,0,0,1,1,0,0,0,1,0,0,0,0,1,1,0,1,1,0,0,1,1,0,1,1,1,0,0,0,0,0,0,0,1,1,0,0,1,1,1,1,1,1,1,0,1,0,1,0,0,0,0,1,0,0,0,0,0,1,0,1,1,1,1,1,0,1,0,0,0,1,1,1,0,1,1,0,1,1,1,1,1,0,0,1,0,0,0,1,0,0,0,0,1,0,1,0,1,0
L_406,mars,0,1,0,0,0,0,0,0,1,0,0,1,1,1,1,0,1,0,0,1,1,1,1,0,1,0,0,0,0,1,0,1,0,0,0,0,1,1,1,0,0,1,1,0,0,1,1,1,1,1,1,1,0,0,0,1,0,0,0,0,1,0,0,1,0,0,0,0,0,0,1,1,1,0,1,1,0,1,0,1,0,1,0,0,0,1,0,1,0,1,0,1,0,1,1,1,1,0,1,1
L_407,mars,0,0,0,0,0,0,1,0,1,0,0,1,1,1,1,0,1,0,0,1,1,1,1,0,1,1,0,0,0,1,0,1,0,0,0,0,1,1,1,0,0,1,1,0,0,1,1,1,1,1,1,1,0,0,0,1,0,0,0,0,1,0,0,1,0,0,0,0,0,0,1,1,1,0,1,1,0,1,1,1,1,1,0,0,0,1,0,1,1,1,0,1,0,1,1,1,1,0,1,1
L_408,saturn,1,1,0,0,1,1,0,0,0,1,0,0,0,1,1,1,0,1,1,0,0,1,1,0,1,1,1,0,0,0,0,0,0,0,1,1,0,0,1,1,1,1,1,1,1,0,1,0,1,0,0,0,0,1,0,0,0,0,0,1,0,1,1,1,1,1,0,1,0,0,0,1,1,1,0,1,1,0,1,1,1,1,1,0,0,1,0,0,0,1,0,0,0,0,1,0,1,0,1,0
L_409,mars,0,1,1,0,0,0,1,0,1,0,0,1,1,1,1,0,1,0,0,1,1,1,1,0,1,0,0,0,0,1,0,1,0,0,0,0,1,1,1,0,0,1,1,0,0,1,1,0,1,1,1,1,0,0,0,1,0,0,0,0,1,0,0,1,0,0,0,0,0,0,0,1,1,0,1,1,0,1,1,1,0,1,0,0,0,1,0,0,1,1,0,1,0,1,1,1,1,0,1,1
L_410,mercury,1,0,0,1,0,0,0,0,1,0,1,1,1,0,1,0,1,1,0,0,0,1,1,1,1,1,1,1,0,1,1,1,1,0,0,0,0,0,1,0,1,1,0,0,0,1,1,0,0,0,1,0,0,1,0,1,0,0,1,0,1,0,1,1,1,1,1,1,0,0,0,1,1,1,1,0,0,1,0,0,0,1,0,0,0,0,0,1,0,0,1,0,0,1,1,0,0,1,1,1
L_411,pluto,1,1,0,0,1,1,0,0,0,1,0,0,0,1,1,1,0,1,1,0,0,1,1,0,1,1,1,0,0,0,0,0,0,0,1,1,0,0,1,1,1,1,1,1,1,0,1,0,1,0,0,0,0,1,0,1,0,0,0,1,0,1,1,1,1,1,0,1,0,0,0,1,1,1,1,1,1,0,1,1,1,1,1,0,0,0,0,0,0,1,0,0,0,0,1,0,1,0,1,0
L_412,saturn,1,1,0,0,1,1,0,0,0,1,0,0,0,1,1,1,0,1,1,0,0,1,1,0,1,1,1,0,0,0,0,0,0,0,1,1,0,0,1,1,1,1,1,1,1,0,1,0,1,0,0,0,0,1,0,0,0,0,0,1,0,1,1,1,1,1,0,1,0,0,0,1,1,1,0,0,1,0,1,1,1,1,0,0,0,1,0,0,0,1,0,0,0,0,1,0,1,0,1,0
L_413,pluto,1,1,1,0,1,1,0,0,0,1,0,0,0,1,1,1,0,1,1,0,0,1,1,1,1,1,1,0,0,0,0,0,0,0,1,1,0,0,1,1,1,1,1,1,1,0,1,0,1,0,0,0,0,1,0,1,0,0,0,1,0,1,1,1,1,1,0,1,0,0,0,1,1,1,1,1,1,0,1,1,1,1,1,0,0,0,0,0,0,0,0,0,0,0,1,0,1,0,1,0
L_414,venus,0,1,0,0,1,1,1,0,1,0,0,1,1,1,1,0,0,0,0,1,1,1,1,1,1,0,0,1,0,0,0,1,0,1,0,0,1,1,1,0,0,1,1,0,0,1,1,1,1,1,1,1,0,0,0,1,1,0,0,0,1,0,0,1,0,0,1,0,0,0,1,1,1,0,1,1,0,1,1,1,0,1,0,0,1,1,0,1,1,1,0,1,0,1,1,1,1,0,1,0
L_415,mars,0,1,0,0,0,0,1,0,1,0,0,1,1,1,1,0,1,0,0,1,1,1,1,0,1,0,0,0,0,1,0,1,0,0,0,0,1,1,1,0,0,1,1,0,0,1,1,1,1,1,1,1,0,0,0,1,0,0,0,0,1,0,0,1,0,0,0,0,0,0,1,1,1,0,1,1,0,1,0,1,0,1,0,0,0,1,0,1,1,1,0,1,0,1,1,1,1,0,1,1
L_416,pluto,1,1,0,0,0,1,0,0,0,1,0,0,0,1,1,1,0,1,1,0,0,1,1,0,1,1,1,0,0,0,0,0,0,0,1,1,0,0,1,1,1,1,1,1,1,0,1,0,1,0,0,0,0,1,0,1,0,0,0,1,0,1,1,1,1,1,0,1,0,0,0,1,1,1,1,1,1,0,1,1,1,0,1,0,0,0,0,0,0,1,0,0,0,0,1,0,1,0,1,0
L_417,mars,0,1,0,0,0,0,1,0,1,0,0,1,1,1,1,0,1,0,0,1,1,1,1,0,1,0,0,0,0,1,0,1,0,0,0,0,1,1,1,0,0,1,1,0,0,1,1,1,1,1,1,1,0,0,0,1,0,0,0,0,1,0,0,1,0,0,0,0,0,0,1,1,1,0,1,1,0,1,1,1,0,1,0,0,0,1,0,1,1,1,0,1,0,1,1,1,1,0,1,1
L_418,pluto,1,1,0,0,1,1,0,0,0,1,0,0,0,1,1,1,0,1,1,0,0,1,1,0,1,1,1,0,0,0,0,0,0,0,1,1,0,0,1,1,1,1,1,1,1,0,1,0,1,0,0,1,0,1,0,1,0,0,0,1,0,1,1,1,1,1,0,1,0,0,0,1,1,1,1,1,1,0,1,1,1,1,1,0,0,0,1,0,0,1,0,0,0,0,1,0,1,0,1,0
L_419,mars,0,1,0,0,0,0,1,0,1,0,0,1,1,1,1,0,1,0,0,1,1,1,1,0,1,0,0,0,0,1,0,1,0,0,0,0,1,1,1,0,0,1,1,0,0,1,1,1,1,1,1,1,0,0,0,1,0,0,0,0,1,0,1,1,0,0,0,0,0,0,1,1,1,0,1,1,1,1,1,1,0,1,0,0,0,0,0,1,1,1,0,1,0,1,1,1,1,0,1,1
L_420,venus,0,1,0,0,1,1,1,0,1,0,0,1,1,1,1,0,1,0,0,1,1,1,1,1,1,0,0,1,0,0,0,1,0,1,0,0,1,1,1,0,0,1,1,0,0,1,1,1,1,1,1,1,0,1,0,0,1,0,0,0,1,0,0,1,0,0,1,0,0,0,1,1,1,0,1,1,0,1,1,1,0,1,0,0,1,1,0,1,1,1,0,1,0,1,1,1,1,0,1,0
L_421,saturn,1,1,0,0,1,1,0,0,0,1,0,0,0,1,1,1,0,1,1,0,0,1,1,0,1,1,1,0,0,0,0,0,0,0,1,1,0,0,1,1,1,1,1,1,1,0,1,0,1,0,0,0,0,1,0,0,0,0,0,1,0,1,1,1,1,1,0,1,0,0,0,1,1,1,0,1,1,0,0,1,1,1,1,1,0,1,0,0,0,1,0,0,0,0,1,0,1,0,1,0
L_422,mercury,1,0,0,1,0,1,0,0,1,0,1,1,1,1,1,0,1,1,0,0,0,1,0,1,0,1,1,1,0,1,1,1,1,0,0,0,0,0,0,0,1,1,0,0,0,1,1,0,0,0,1,0,0,0,0,1,0,0,1,0,1,0,1,1,1,1,1,1,0,0,0,1,1,1,1,0,0,1,0,0,0,1,0,0,0,0,0,1,0,0,1,0,0,1,1,0,0,1,1,1
L_423,mercury,1,0,0,1,0,0,0,0,1,0,1,1,1,1,1,0,1,1,0,0,0,1,1,1,0,1,1,1,0,1,1,1,1,0,0,0,0,0,0,0,1,1,0,0,0,1,1,0,0,0,1,0,0,0,0,1,0,0,1,0,1,0,1,1,1,1,1,1,0,0,0,1,1,1,1,0,0,1,0,0,0,1,0,0,0,0,0,1,0,0,1,0,0,1,1,0,0,1,0,1
L_424,mercury,1,0,0,1,0,0,0,0,1,0,1,1,1,1,1,0,1,1,0,0,0,1,1,1,0,1,1,1,0,1,1,1,1,0,0,0,0,0,0,0,1,1,0,0,0,1,1,0,0,0,1,0,0,0,0,1,0,0,1,0,1,0,1,1,1,1,1,1,0,0,0,1,1,1,1,0,0,1,0,0,0,1,0,0,0,0,0,1,0,0,1,0,0,1,1,0,0,1,1,1
L_425,mars,0,1,0,0,0,0,1,0,1,0,0,1,1,1,1,0,1,0,0,1,1,1,1,0,1,0,0,0,0,1,0,1,0,0,0,0,1,1,1,0,0,1,1,0,0,1,1,1,1,1,1,1,0,0,0,1,0,0,0,0,1,0,0,1,0,0,0,0,0,0,1,1,1,0,1,1,0,1,1,1,0,1,0,0,0,1,0,1,1,1,0,1,0,1,1,1,1,0,1,1
L_426,mercury,1,0,0,1,0,0,0,0,1,0,1,1,1,1,1,0,1,1,0,0,0,1,1,1,0,1,1,1,0,1,1,1,1,0,0,0,0,0,0,0,1,1,0,0,0,1,1,0,0,0,1,0,0,0,0,1,1,0,1,0,1,0,1,1,1,1,1,1,0,0,0,1,1,1,1,0,0,1,1,0,0,1,0,0,0,0,0,1,0,0,1,0,0,1,1,0,0,1,1,1
L_427,venus,0,1,0,0,1,1,1,0,1,0,0,1,1,1,1,0,1,0,0,1,1,1,1,1,1,0,0,1,0,0,0,1,0,1,0,0,1,1,1,0,0,1,1,0,0,1,1,1,1,1,1,1,0,0,0,1,1,0,0,0,1,0,0,1,0,0,1,0,0,0,1,1,1,0,1,1,0,1,1,1,0,1,0,0,1,1,0,1,1,1,0,1,0,1,1,1,1,0,1,0
L_428,mars,0,1,0,0,0,0,1,0,1,0,0,1,1,1,1,0,1,0,0,1,1,1,1,0,1,0,0,0,0,1,1,1,0,0,0,0,1,1,1,0,0,1,1,0,0,1,1,1,1,1,1,1,0,0,0,1,0,0,0,0,1,0,0,1,0,0,0,0,0,0,1,1,1,0,1,1,0,1,1,1,0,1,0,0,0,1,0,1,1,1,0,1,0,1,1,1,1,0,1,1
L_429,mercury,1,0,0,1,0,0,0,0,1,0,1,1,1,0,1,0,1,1,0,1,0,1,1,1,0,1,1,1,0,1,1,1,1,0,0,0,0,0,0,0,1,1,0,0,0,1,1,0,0,1,1,0,0,0,0,1,0,0,1,0,1,0,1,1,1,1,1,1,0,0,0,1,1,1,1,0,0,1,0,0,0,1,0,0,0,0,0,1,0,0,1,0,0,1,1,0,0,1,1,1
L_430,pluto,1,1,0,0,1,1,0,0,0,1,0,0,0,0,1,1,0,1,1,0,0,1,1,0,1,1,1,0,0,0,0,0,0,0,1,1,0,0,1,1,1,1,1,1,1,0,1,0,1,0,0,0,0,1,0,1,0,0,0,1,0,1,1,1,1,0,0,1,0,0,0,1,1,1,1,1,1,0,1,1,1,1,1,0,0,0,0,0,0,1,0,0,0,0,1,0,1,0,1,0
L_431,pluto,1,1,0,0,1,1,0,0,0,1,0,0,0,1,1,1,0,1,1,0,0,1,1,0,1,1,1,0,0,0,0,0,0,0,1,1,0,0,0,1,1,1,1,1,1,1,1,0,1,0,0,0,0,1,0,1,0,0,0,0,0,1,0,1,1,1,0,1,0,0,0,1,1,1,1,1,1,0,1,1,1,1,1,0,1,0,0,0,0,1,0,0,0,0,1,0,1,0,1,0
L_432,mercury,1,0,0,1,0,0,0,0,0,0,1,1,1,1,1,1,1,1,0,0,0,1,1,1,0,1,1,1,0,1,1,1,1,0,0,0,0,0,0,0,1,1,0,0,0,1,1,0,0,0,1,0,0,0,0,1,0,0,1,0,1,0,1,1,1,1,1,1,0,0,0,1,1,1,1,0,0,1,0,0,0,1,0,0,0,0,0,1,0,0,1,0,0,1,1,0,0,1,1,1
L_433,venus,0,1,0,0,1,1,1,0,1,0,0,1,1,1,0,0,1,0,0,1,1,1,1,1,1,0,0,1,0,0,0,1,0,1,0,0,1,1,1,0,0,1,1,0,0,1,1,1,1,1,1,1,0,0,0,1,1,0,0,0,1,0,0,1,0,0,1,0,0,0,1,1,1,0,1,1,0,1,1,1,0,1,0,0,1,1,0,1,1,1,0,1,0,1,1,1,1,0,1,0
L_434,mars,0,1,0,0,0,0,1,0,1,0,0,1,1,1,1,0,1,0,0,1,1,1,1,0,1,0,0,0,0,1,0,1,0,0,0,0,1,1,1,0,0,1,1,0,0,1,1,1,1,1,1,1,0,0,0,1,0,0,0,0,1,0,0,1,0,0,0,0,0,0,1,1,1,0,1,0,0,1,1,1,0,1,0,0,0,1,0,1,1,1,0,1,0,1,1,1,1,0,1,1
L_435,mars,0,1,0,0,0,0,1,0,1,0,0,1,1,1,1,0,1,0,0,1,1,1,1,0,1,0,0,0,0,1,0,1,0,0,0,0,1,1,1,0,0,0,1,0,0,1,1,1,1,1,1,1,0,0,0,1,0,0,0,0,1,0,0,1,0,0,0,0,0,0,1,1,1,0,1,1,0,1,1,1,0,1,0,0,0,1,0,1,1,1,0,1,0,1,1,1,1,0,1,1
L_436,mercury,1,0,0,1,0,0,0,0,1,0,1,1,1,1,1,0,1,1,0,0,0,1,0,1,0,1,1,1,0,1,1,1,1,0,0,0,0,0,0,1,1,1,0,0,0,1,1,0,0,0,1,0,0,0,0,1,0,0,1,0,1,0,1,1,1,1,1,1,0,0,0,1,1,1,1,0,0,1,0,0,0,1,0,0,0,0,0,1,0,0,1,0,0,1,1,0,0,1,1,1
L_437,venus,0,1,0,0,1,1,1,0,1,0,0,1,1,1,1,0,1,0,0,1,1,1,1,1,1,0,0,1,0,0,0,1,0,1,0,0,1,1,1,0,0,1,1,0,0,1,1,1,1,1,1,1,0,0,0,1,1,0,0,0,1,0,0,1,0,0,1,0,0,0,1,1,1,0,1,1,0,1,1,1,0,1,0,0,1,1,0,1,1,1,0,1,0,1,1,1,1,0,1,0
L_438,mars,0,1,0,0,0,0,1,0,1,0,0,1,1,1,1,0,1,0,0,1,1,1,0,0,1,0,0,0,0,1,0,1,0,0,0,0,1,1,1,0,0,1,1,0,0,1,1,1,1,1,1,1,0,0,0,1,0,0,0,0,1,0,0,1,0,0,0,0,0,0,1,1,0,0,1,1,0,1,1,1,0,1,0,0,0,1,0,1,1,1,0,1,0,1,1,1,1,0,1,1
L_439,saturn,1,1,1,0,1,1,0,0,0,1,0,0,0,1,1,1,0,1,1,0,0,1,1,0,1,1,1,0,0,0,0,0,0,0,1,1,0,0,1,1,1,1,1,1,1,0,1,0,1,0,0,0,0,1,0,0,0,0,0,1,0,1,0,1,1,1,0,1,1,0,0,1,1,1,0,1,1,0,1,1,1,1,0,0,0,1,0,0,0,1,0,0,0,0,1,0,1,0,1,0
L_440,saturn,1,1,0,0,1,1,0,0,0,1,0,0,0,1,1,1,0,1,1,0,0,1,1,0,1,1,1,0,0,0,0,0,0,0,1,1,0,0,1,1,1,1,1,1,1,0,1,0,1,0,0,0,0,1,0,0,0,0,0,1,0,1,1,1,1,1,0,1,0,0,0,1,1,1,0,1,1,0,1,1,1,1,1,0,0,1,0,0,0,1,0,0,0,0,1,0,1,0,1,0
L_441,mars,0,1,0,0,0,0,1,0,1,0,0,1,1,1,1,0,1,0,0,1,1,1,1,0,1,0,0,0,0,1,0,1,0,0,0,0,1,1,1,0,0,1,1,0,0,1,1,1,1,1,1,1,0,0,0,0,0,0,0,0,1,0,0,1,0,0,1,0,0,0,1,1,1,0,0,1,0,1,1,1,0,1,0,0,0,1,0,1,1,1,0,1,0,1,1,1,1,0,1,1
L_442,saturn,1,1,0,0,1,1,0,1,0,1,0,0,0,1,1,1,0,1,1,0,0,1,1,0,1,1,1,0,0,0,0,0,0,0,1,1,0,0,1,1,1,1,1,1,1,0,1,0,1,0,0,1,0,1,0,0,0,0,0,1,0,1,1,1,1,1,0,1,0,0,0,1,1,1,0,1,1,0,1,1,1,1,1,0,0,1,0,0,0,1,1,0,0,0,1,0,1,0,1,0
L_443,pluto,1,1,0,0,1,1,0,0,0,1,0,0,0,1,1,1,0,1,1,0,0,1,1,0,1,1,1,0,0,0,0,0,0,0,1,1,0,0,1,1,1,1,1,1,1,0,1,0,1,0,0,0,0,1,0,1,0,0,0,1,0,1,1,1,1,1,0,1,0,0,0,1,1,1,1,1,1,0,1,1,1,0,1,0,0,0,0,0,0,1,0,0,0,0,1,0,1,0,1,0
L_444,mars,0,0,0,0,0,0,1,0,1,0,0,1,1,1,1,0,1,0,0,1,1,1,1,0,1,0,0,0,0,1,0,1,0,0,0,0,1,1,1,0,0,1,1,0,0,1,1,1,1,1,1,1,0,0,0,1,0,0,0,0,1,0,0,1,0,0,0,0,0,0,1,1,1,0,1,1,0,1,1,1,0,1,0,0,0,1,0,0,1,1,0,1,0,1,0,1,1,0,1,1
L_445,venus,0,1,0,0,1,1,1,0,1,0,0,1,1,1,1,0,1,0,0,1,1,1,1,1,1,0,0,1,1,0,1,1,0,1,1,0,1,1,1,0,0,1,1,0,0,1,1,1,1,1,1,1,0,0,0,1,1,0,0,0,1,0,0,1,0,0,1,0,0,0,1,1,1,0,1,1,0,1,1,0,0,1,0,0,1,1,0,1,1,1,0,1,0,1,1,1,1,0,1,0
L_446,mars,0,1,0,0,0,0,1,0,1,0,0,1,1,1,1,0,1,0,0,1,1,1,1,0,1,0,0,0,0,1,0,1,0,0,0,0,1,1,1,0,0,1,1,0,0,1,1,1,1,1,1,1,0,0,0,1,0,0,0,0,1,0,0,1,0,0,0,0,0,0,1,1,1,0,1,1,0,1,1,1,0,1,0,0,0,1,0,1,1,1,0,1,0,1,1,1,1,0,1,1
L_447,mercury,1,0,0,1,0,0,0,0,1,0,1,1,1,1,1,0,1,1,0,0,0,1,1,1,0,1,1,1,0,1,1,1,1,0,0,0,0,0,0,0,1,1,0,0,0,1,1,0,0,0,1,0,0,0,0,1,0,0,1,0,1,0,1,1,1,1,1,1,0,0,0,1,1,1,1,0,0,1,0,0,0,1,0,0,0,0,0,0,0,0,1,0,0,1,1,0,0,1,1,1
L_448,pluto,1,1,0,0,1,1,0,0,0,1,0,0,0,1,1,1,0,1,1,0,0,1,1,0,0,1,1,0,0,0,0,0,0,0,1,1,0,1,1,1,1,1,1,1,1,0,1,0,1,0,0,0,0,1,0,1,0,0,0,1,0,1,1,1,1,1,0,0,0,0,0,1,1,1,1,1,1,0,1,1,1,1,1,0,0,0,0,0,0,1,0,0,0,0,1,0,1,0,1,0
L_449,pluto,1,1,0,0,1,1,0,0,0,1,0,0,0,1,0,1,0,1,1,0,0,1,1,0,1,1,1,0,0,0,0,0,0,0,1,1,0,0,1,1,1,1,1,1,1,0,1,0,1,0,0,0,0,1,0,1,0,0,0,1,0,1,1,1,1,1,0,1,0,0,0,1,1,1,1,1,1,0,1,1,1,1,1,0,0,0,0,0,0,1,0,0,0,0,1,0,1,0,1,0
L_450,saturn,1,1,0,0,1,1,0,0,0,0,0,0,0,1,1,0,0,1,1,0,0,1,1,0,1,1,1,0,0,0,0,0,0,0,1,1,0,0,1,1,1,1,1,1,1,0,1,0,1,0,0,0,0,1,0,0,0,0,0,1,0,1,1,1,1,1,0,1,0,0,0,1,1,1,0,1,1,0,1,1,1,1,1,0,0,1,0,0,0,0,0,0,0,0,1,0,1,0,1,0
L_451,mercury,1,0,0,1,0,0,0,0,1,0,1,1,0,1,1,0,1,1,0,0,0,1,1,1,0,1,1,1,0,0,1,1,1,0,0,1,0,0,0,0,0,1,0,0,0,1,1,0,0,0,1,0,0,0,0,1,0,0,1,0,1,0,1,1,1,1,1,1,0,0,0,0,1,1,1,0,0,1,0,0,0,1,0,0,0,0,0,1,0,0,1,0,0,0,1,0,0,1,1,1
L_452,mercury,1,0,0,1,0,0,0,0,1,0,1,1,1,1,1,0,1,1,0,0,0,1,1,1,1,1,1,1,0,1,1,1,1,0,0,0,0,0,0,0,1,1,0,1,0,1,1,0,0,0,1,0,0,0,0,1,0,0,1,0,1,0,1,1,1,1,1,1,0,0,1,1,1,1,1,0,0,1,0,0,0,1,0,0,0,0,0,1,0,0,1,0,0,1,1,0,0,1,1,1
L_453,pluto,1,1,0,0,1,1,0,0,0,1,0,0,0,1,1,1,0,1,1,0,0,1,1,0,1,1,1,0,0,0,0,0,0,0,1,1,0,0,1,1,1,1,1,1,1,0,1,0,1,0,0,0,0,1,0,1,0,0,0,1,0,0,1,1,1,1,0,1,0,0,0,1,1,1,1,1,1,0,1,1,1,1,1,0,0,0,0,0,0,1,0,0,0,0,1,0,1,0,1,0
L_454,saturn,1,1,0,0,1,1,0,0,0,1,0,0,0,1,1,1,0,1,1,0,0,1,1,0,1,1,1,0,0,0,0,0,0,0,1,1,0,0,1,1,1,1,1,1,1,0,1,0,1,0,0,0,0,1,0,0,0,0,0,1,0,1,1,1,0,1,0,1,0,0,0,0,1,1,0,1,1,0,1,1,1,1,1,0,0,1,0,0,0,1,0,0,0,0,1,0,1,0,1,0
L_455,venus,0,1,0,0,1,1,1,0,1,0,0,1,1,1,1,0,1,0,0,1,1,1,1,1,1,0,0,1,0,0,0,1,0,1,0,0,1,1,1,0,0,1,1,0,0,1,1,1,1,1,1,1,0,0,0,1,1,0,0,0,1,0,0,1,0,0,1,0,0,0,1,1,1,0,0,1,0,1,1,1,0,1,0,0,1,1,0,1,1,1,0,1,0,0,1,1,1,0,1,0
L_456,mercury,1,0,0,1,0,0,0,0,1,1,1,1,1,1,1,0,1,1,0,0,0,1,1,1,0,1,1,1,0,1,1,1,1,0,0,0,0,0,0,0,1,1,0,0,0,1,1,0,0,0,1,0,0,0,0,1,0,0,1,0,1,0,1,1,1,1,1,1,0,0,0,1,1,1,1,0,0,1,0,0,0,1,0,0,0,0,0,1,0,0,1,0,0,1,1,0,0,1,1,1
L_457,venus,0,1,0,0,1,1,1,0,1,0,0,1,0,1,1,0,1,0,0,1,1,1,1,1,1,0,0,1,0,0,0,1,0,1,0,0,1,1,1,0,0,1,1,0,0,1,1,1,1,1,1,1,0,0,0,1,1,0,0,0,1,0,0,1,0,0,1,0,0,0,1,1,1,0,1,1,0,1,1,1,0,1,0,0,1,1,0,1,1,1,0,1,0,1,1,1,1,0,1,0
L_458,venus,0,1,0,0,1,1,0,0,1,0,0,1,1,1,1,0,1,0,0,1,1,1,1,1,1,0,0,1,0,0,0,1,0,1,0,0,1,1,1,0,0,1,1,0,0,1,1,1,1,1,1,1,0,0,0,1,1,0,0,0,1,0,0,1,0,0,1,0,0,0,1,1,1,0,1,1,0,1,1,1,0,1,0,0,1,1,0,1,1,1,0,1,0,1,1,1,1,0,1,0
L_459,pluto,1,1,0,0,1,1,0,0,0,1,0,0,0,1,1,1,0,1,1,0,0,1,1,0,1,1,1,0,0,0,0,0,0,0,1,1,0,0,1,1,1,1,1,1,1,0,1,0,1,0,0,0,0,1,0,1,0,0,0,1,0,1,1,1,1,1,0,1,0,0,0,1,1,1,1,1,1,0,1,1,1,1,1,0,0,0,0,0,0,1,0,0,0,0,1,0,1,0,1,0
L_460,venus,0,1,0,0,1,1,1,0,1,1,0,1,1,1,1,0,1,0,0,1,1,1,1,1,1,0,0,0,0,0,1,1,0,1,0,0,1,1,1,0,0,1,0,0,0,1,1,1,1,1,1,1,0,0,0,1,1,0,0,0,1,0,0,1,0,0,1,0,0,0,0,1,1,0,1,1,0,1,1,1,0,1,0,0,1,1,0,1,1,1,0,1,0,1,1,1,1,0,0,0
L_461,pluto,1,1,0,0,1,1,0,0,0,1,0,0,0,1,1,1,0,1,1,0,0,1,1,0,1,1,1,0,0,0,0,0,0,0,1,1,0,0,1,1,1,1,1,1,1,0,1,0,1,0,0,0,0,1,0,1,0,0,0,1,0,1,1,1,1,1,0,1,0,0,0,1,1,1,1,1,1,0,1,1,1,1,1,0,0,0,0,0,0,1,0,0,0,0,1,0,1,1,1,0
L_462,pluto,1,1,0,0,1,1,0,0,0,1,0,0,0,1,0,1,0,1,1,0,0,1,1,0,1,1,1,0,0,0,0,0,0,0,1,1,0,0,0,1,1,1,1,1,1,0,1,0,1,0,0,0,0,1,0,1,0,0,0,1,0,1,1,1,1,1,0,1,0,0,0,1,1,1,1,1,1,0,1,1,1,1,0,0,0,0,0,0,0,1,0,0,0,0,1,0,1,0,1,0
L_463,mars,0,1,0,0,1,0,1,0,1,0,0,1,1,1,1,0,1,0,0,1,1,1,1,0,1,0,0,0,0,1,0,1,0,0,0,0,1,1,1,0,0,1,1,0,0,1,1,1,1,1,1,1,0,0,0,1,0,0,0,0,1,0,1,1,0,0,0,0,0,0,1,1,1,0,1,1,0,1,1,1,0,1,0,0,0,1,0,1,1,1,0,1,0,1,1,1,1,0,1,1
L_464,mars,0,1,0,0,0,0,1,0,1,0,0,1,1,1,1,0,1,0,0,1,1,1,1,0,1,0,0,0,0,1,0,1,0,1,0,0,1,1,1,0,0,1,1,0,0,1,1,1,1,1,1,1,0,0,0,1,0,0,0,0,1,0,0,1,0,0,0,0,0,0,1,1,1,0,1,0,0,1,1,1,0,1,0,0,0,1,0,1,1,1,0,1,0,1,1,1,1,0,1,1
L_465,venus,0,1,0,0,1,1,1,0,1,0,0,1,1,1,1,0,1,0,0,1,1,1,1,1,1,0,0,1,0,0,0,0,0,1,0,0,1,1,1,0,0,1,1,0,1,1,1,1,1,1,1,1,0,0,0,1,1,0,0,0,1,0,0,1,0,0,1,0,0,0,1,1,1,0,1,1,0,1,1,1,0,1,0,0,1,1,0,1,1,1,0,1,0,1,1,1,1,0,1,0
L_466,saturn,1,1,0,0,1,1,0,0,0,1,0,0,0,1,1,1,0,1,1,1,0,1,1,0,1,1,1,0,0,0,0,1,1,0,1,1,0,0,1,1,1,1,1,1,1,0,1,0,1,0,0,0,0,1,0,0,0,0,0,1,0,1,1,1,0,1,0,1,0,0,0,1,1,1,0,1,1,0,1,1,1,1,1,0,0,1,0,0,0,1,0,0,0,0,1,0,1,0,1,0
L_467,mercury,1,0,0,1,0,0,0,0,0,0,1,1,1,1,1,0,1,1,0,0,0,1,1,1,0,1,1,1,0,1,1,1,1,0,0,0,0,0,0,0,1,1,0,0,0,1,1,0,0,0,1,0,0,0,0,1,0,0,1,0,1,0,1,1,1,1,1,1,0,0,0,1,1,1,1,0,0,1,0,0,0,1,0,0,0,0,0,1,0,0,1,0,0,1,1,0,0,1,1,1
L_468,mars,0,1,0,0,0,0,1,0,0,0,0,1,1,1,1,0,1,0,0,1,1,1,1,0,1,0,0,0,0,1,0,1,0,0,0,0,1,1,1,0,0,1,1,0,0,1,1,1,0,1,1,1,0,0,0,1,0,0,0,0,1,0,0,1,0,0,0,0,0,0,1,1,1,0,1,1,0,1,1,1,0,1,0,0,0,1,0,1,1,1,0,1,0,1,0,1,1,0,1,1
L_469,venus,0,1,0,0,1,1,1,0,1,0,0,1,1,1,1,0,1,0,0,1,1,1,1,1,1,0,1,1,0,0,0,1,0,1,0,0,1,1,1,0,0,1,1,0,0,1,1,1,1,1,1,1,0,0,0,1,1,0,0,0,1,0,0,1,0,0,1,0,0,0,1,1,1,0,1,1,0,1,1,1,0,1,0,0,1,1,0,1,1,1,0,1,0,1,1,1,1,0,1,0
L_470,venus,0,1,0,0,1,1,1,0,1,0,0,1,1,1,1,0,1,0,0,1,1,1,1,1,1,0,0,1,0,0,0,1,0,1,0,0,1,1,1,0,0,1,1,0,0,1,1,1,1,1,1,1,0,0,0,1,1,0,0,0,1,1,0,1,0,0,1,0,0,0,1,1,1,0,1,1,0,1,1,1,1,1,0,0,1,1,0,1,1,1,0,1,0,1,1,1,1,1,1,0
L_471,pluto,1,1,0,0,1,1,0,0,0,0,0,0,0,1,1,1,0,1,1,0,0,1,1,0,1,1,1,0,0,0,0,0,0,0,1,1,1,0,1,1,0,1,1,1,1,0,1,0,1,0,0,0,0,1,0,1,0,0,0,1,0,1,1,1,1,1,0,1,0,0,0,1,1,1,1,0,0,0,0,1,1,1,1,0,0,0,0,0,0,1,0,0,0,0,1,0,1,0,1,0
L_472,mercury,1,0,0,1,0,0,0,0,1,0,1,1,1,1,1,0,1,1,0,0,0,1,1,1,1,1,1,1,0,1,1,1,1,0,0,0,0,0,0,0,1,1,0,0,0,1,1,0,0,0,1,0,0,0,0,1,0,0,1,0,1,0,1,1,1,0,1,1,0,0,0,1,1,1,1,0,0,1,0,0,0,1,0,0,0,0,0,1,0,0,1,0,0,1,1,0,0,1,1,1
L_473,saturn,1,1,0,0,1,1,0,0,0,1,0,0,0,1,1,1,0,1,1,0,0,1,1,0,1,1,1,0,0,0,0,0,0,0,1,1,0,0,1,1,1,1,1,1,1,0,1,0,0,0,0,0,0,1,0,0,0,0,0,1,0,1,1,1,1,1,0,1,0,0,0,1,1,1,0,1,1,0,1,1,1,1,1,0,0,1,0,1,0,1,0,0,0,0,1,0,1,0,1,0
L_474,mercury,1,0,0,1,0,0,0,0,1,0,1,1,1,1,1,0,1,1,0,0,0,1,1,1,0,1,1,1,0,1,1,1,1,0,0,0,0,0,0,0,1,1,0,0,0,1,1,0,0,0,1,0,0,0,0,1,0,0,1,0,1,0,1,1,1,1,1,1,0,0,0,1,1,1,1,0,0,1,0,0,0,1,0,0,0,0,0,1,0,0,1,0,0,1,1,0,0,1,1,1
L_475,pluto,1,1,0,0,1,1,0,0,0,1,0,0,0,1,1,1,0,1,1,0,0,1,1,0,1,1,1,0,0,0,0,0,0,0,1,1,0,1,1,1,1,1,1,0,1,0,1,0,1,0,0,0,0,1,0,1,0,0,0,1,0,1,1,1,1,1,0,1,0,0,0,1,1,1,1,1,1,0,1,1,1,1,1,0,0,0,0,1,0,1,0,0,0,0,1,0,1,0,1,0
L_476,venus,0,1,0,0,1,1,1,0,1,0,0,1,1,1,1,0,1,1,0,1,1,1,1,1,1,0,0,1,0,0,0,1,0,1,0,0,1,1,1,0,0,1,1,0,0,1,1,1,1,1,1,1,0,0,0,1,1,0,0,0,1,0,0,0,0,0,1,0,0,0,1,1,1,0,1,1,0,1,1,1,0,1,0,0,1,1,0,1,1,1,0,1,0,1,1,1,1,0,1,0
L_477,saturn,1,1,0,0,1,1,0,0,0,1,0,0,0,1,1,1,0,1,1,0,0,1,1,0,1,0,1,0,0,0,0,0,0,0,1,1,0,0,1,1,1,1,1,1,1,0,1,0,1,0,0,0,0,1,0,0,0,0,0,1,0,1,1,1,1,1,0,1,0,0,0,1,1,1,0,1,1,0,1,1,1,1,1,0,0,1,0,0,0,1,0,0,1,0,1,0,1,0,1,0
L_478,pluto,1,1,0,0,1,1,0,0,0,1,0,0,0,1,1,1,0,1,1,0,0,1,1,0,1,1,1,0,0,0,0,0,0,0,1,1,0,0,1,1,1,1,1,1,1,0,1,0,1,0,0,0,0,1,0,1,0,0,0,1,0,1,1,1,1,1,0,1,0,0,0,1,1,1,1,1,1,0,1,1,1,1,0,0,0,0,0,0,0,1,0,0,0,0,1,0,1,0,1,0
L_479,mars,0,1,0,0,0,0,1,0,1,0,0,1,0,1,1,0,1,0,0,1,1,1,1,0,1,0,0,0,0,1,0,1,0,0,0,0,1,1,1,0,0,1,1,0,0,1,1,1,1,1,1,1,0,0,0,1,0,0,0,0,1,0,0,1,0,0,0,0,0,0,1,1,1,0,1,1,0,1,1,1,0,1,0,0,0,1,0,1,1,1,0,1,0,1,1,1,1,0,1,1
L_480,mars,0,1,0,0,0,0,1,0,1,0,0,1,1,1,1,0,1,0,0,1,1,1,1,0,1,0,0,0,0,1,0,1,0,0,0,0,1,1,1,0,0,1,1,0,0,1,1,1,1,1,1,1,0,0,0,1,0,0,0,0,1,0,0,1,0,0,0,0,0,0,1,1,1,0,1,1,0,1,1,1,0,1,0,0,0,1,0,1,1,1,0,1,0,1,1,1,1,0,1,1
L_481,mercury,1,0,0,1,0,0,0,0,1,0,1,1,1,1,1,0,1,1,0,0,0,1,1,1,0,1,1,1,0,1,1,1,1,0,0,0,0,0,0,0,1,1,0,0,1,1,1,0,0,0,1,0,0,0,0,1,0,0,1,0,1,0,1,1,1,1,1,1,0,0,0,1,1,1,1,0,0,1,0,0,0,1,0,0,0,0,0,1,0,0,1,0,0,1,1,0,0,1,1,1
L_482,pluto,1,1,0,0,1,1,0,0,0,1,0,0,0,0,1,1,0,1,0,1,0,1,1,0,1,1,1,0,0,0,0,0,0,1,1,1,0,0,1,1,1,1,1,1,1,0,1,0,0,0,0,0,0,1,0,1,0,0,0,1,0,1,1,1,1,1,0,1,0,0,0,1,1,1,1,1,1,0,1,1,1,1,1,0,0,0,0,0,0,1,0,0,0,0,1,0,1,0,1,0
L_483,mercury,1,0,0,1,0,0,0,0,1,0,1,1,1,1,1,0,1,1,0,0,0,1,1,1,0,1,1,1,0,1,1,1,1,0,0,0,0,0,0,0,1,1,0,0,0,1,1,0,0,0,1,0,0,0,0,1,0,0,1,0,1,0,1,1,1,1,1,1,0,0,0,1,1,1,1,0,0,1,0,0,0,1,0,0,0,0,0,1,0,0,1,0,0,1,1,0,0,1,1,1
L_484,mars,0,1,0,0,0,0,1,0,1,0,0,1,1,1,1,0,1,0,0,1,1,1,1,0,1,0,0,0,0,1,0,1,0,0,0,0,1,1,1,0,0,1,1,0,0,1,1,1,1,1,1,1,0,0,0,1,0,0,0,0,0,0,0,1,0,0,0,0,0,0,1,1,1,0,1,1,0,1,1,1,0,1,0,0,0,1,0,1,1,1,0,1,0,1,1,0,1,0,1,1
L_485,mars,0,1,0,0,0,0,1,0,1,0,0,1,0,1,1,0,1,0,0,1,1,1,1,0,1,0,0,1,0,1,0,1,0,0,0,0,1,1,1,0,0,1,1,0,0,1,1,1,1,1,1,1,0,0,0,1,0,0,0,0,1,0,0,0,0,0,0,0,0,0,1,1,1,0,1,1,0,1,1,1,0,1,0,0,0,1,0,1,1,1,0,1,0,1,1,1,1,0,1,1
L_486,mars,0,1,0,0,0,0,1,0,1,0,0,1,1,1,1,0,0,0,0,1,1,1,1,0,1,0,0,0,0,1,0,1,0,0,0,0,1,1,1,0,0,1,1,0,0,1,1,1,1,1,1,1,0,0,0,1,0,0,0,0,1,0,0,1,0,0,0,0,0,0,1,1,1,0,1,1,0,1,1,1,0,1,0,0,0,1,0,1,1,1,0,1,0,1,1,1,1,0,1,1
L_487,pluto,1,1,0,0,1,1,0,0,0,1,0,0,0,1,1,1,0,1,1,0,0,1,1,0,0,1,1,0,0,0,0,0,0,0,1,1,0,0,1,1,1,1,1,1,1,0,1,0,1,0,0,0,0,1,0,1,0,0,0,1,0,1,1,1,1,1,0,1,0,0,0,1,1,1,1,1,1,0,1,1,1,1,1,0,0,0,0,0,0,1,0,0,0,0,1,0,1,0,1,0
L_488,mercury,1,0,0,0,0,0,0,0,1,0,1,1,1,1,1,0,1,1,0,0,0,1,1,1,0,1,1,1,0,1,1,1,1,0,0,0,0,0,0,0,1,1,0,0,0,1,1,0,0,0,1,0,0,0,0,1,0,0,1,0,1,0,1,1,1,1,1,1,0,0,0,1,1,1,1,0,0,1,0,0,0,1,0,0,0,0,0,1,0,0,1,0,0,1,1,0,0,1,1,1
L_489,saturn,1,1,0,0,1,1,0,0,0,1,0,0,0,1,1,1,0,1,1,0,0,1,1,0,1,0,1,0,0,0,0,0,0,0,1,1,0,0,1,1,1,1,1,1,1,0,1,0,1,1,0,0,0,1,0,0,0,0,0,1,0,1,1,1,1,0,0,1,0,0,1,1,1,1,0,1,1,0,1,1,1,1,1,0,0,1,0,0,0,1,0,0,0,0,1,0,1,0,1,0
L_490,saturn,1,1,0,0,1,1,0,0,0,1,0,0,0,1,1,1,0,1,1,0,0,1,1,0,1,1,1,0,0,0,0,1,0,0,1,1,0,0,1,1,1,1,1,1,1,0,1,0,1,0,0,0,0,1,0,0,0,0,0,1,0,1,1,1,1,1,0,1,0,0,0,1,1,1,0,1,1,0,1,1,1,1,1,0,0,1,0,0,0,1,0,0,0,0,1,0,1,0,1,0
L_491,venus,0,1,0,0,1,1,1,0,1,0,0,1,1,1,1,0,1,0,0,1,1,1,1,1,1,0,0,1,0,0,0,1,0,1,0,0,1,0,1,0,0,1,1,0,0,1,1,1,1,1,1,1,0,0,0,1,1,0,0,0,1,0,0,1,0,0,1,0,0,0,1,1,1,0,1,0,0,1,1,1,0,1,0,0,1,1,0,1,1,1,0,1,0,1,1,1,1,0,1,0
L_492,venus,0,1,0,0,1,1,1,0,1,0,0,1,1,1,1,0,1,0,0,1,1,1,1,1,1,0,0,1,0,0,0,1,0,1,0,0,0,1,1,0,0,1,1,0,0,1,1,1,1,1,1,1,0,0,0,1,1,0,0,0,1,0,0,1,0,0,1,0,0,0,1,1,1,0,1,1,0,1,1,1,0,1,0,0,1,1,0,1,1,1,0,1,0,1,1,1,1,0,1,0
L_493,saturn,1,1,0,0,1,1,0,0,0,1,0,0,0,0,1,1,0,1,1,0,0,1,0,0,1,1,1,0,0,0,0,0,0,0,1,1,0,0,1,1,1,1,1,1,1,0,1,0,1,0,0,0,0,1,0,0,0,0,0,1,0,1,1,1,1,1,0,1,0,0,1,1,1,1,0,1,0,0,1,1,1,1,1,0,0,1,0,0,0,1,0,0,0,0,1,0,1,0,1,0
L_494,pluto,1,1,0,0,1,1,0,0,0,1,0,0,0,1,1,1,0,1,1,0,0,1,1,0,1,1,1,0,0,0,0,0,0,0,1,1,0,0,1,1,1,1,1,1,1,0,1,0,1,0,0,0,0,1,0,0,0,0,0,1,0,1,1,1,1,1,0,1,0,0,0,1,1,1,1,1,1,0,1,1,1,1,1,0,0,0,0,0,0,1,0,0,0,0,1,0,1,0,1,0
L_495,saturn,1,1,0,0,1,1,0,0,0,1,0,0,0,1,1,1,0,1,1,0,0,1,1,0,1,0,1,0,0,0,0,0,0,0,1,1,0,0,1,1,1,1,1,1,1,0,1,0,1,0,0,0,0,1,0,0,0,0,0,1,0,1,1,1,1,1,0,1,0,0,0,1,1,1,0,1,1,0,1,1,1,1,1,0,0,1,0,0,0,1,0,0,0,0,1,0,1,1,1,0
L_496,venus,0,1,0,0,1,1,1,0,1,0,0,1,1,1,1,0,1,0,0,1,1,1,1,1,1,0,0,1,0,0,0,1,0,1,0,0,1,1,1,0,0,1,1,0,0,1,1,1,1,1,1,1,0,0,0,1,1,0,0,0,1,0,0,1,0,0,1,0,0,0,1,1,1,0,1,1,0,1,1,1,0,1,0,0,1,1,0,1,1,1,0,1,0,1,1,1,1,0,1,0
L_497,mercury,1,0,0,1,0,1,0,0,1,0,1,1,1,1,0,0,1,1,0,0,0,1,1,1,0,1,1,1,0,1,1,1,1,0,0,0,0,0,0,0,0,1,0,0,0,1,1,0,0,0,1,0,0,0,0,1,0,0,1,0,1,0,1,1,1,1,1,1,0,0,0,1,1,1,1,0,0,1,0,0,0,1,0,0,0,0,0,1,0,0,1,0,0,1,1,0,0,1,1,1
L_498,mercury,1,0,0,1,0,0,0,0,1,0,1,1,1,1,1,0,1,1,0,0,0,1,1,1,0,1,1,1,0,1,1,1,1,0,0,0,0,0,0,0,1,0,0,0,0,1,1,0,0,0,1,0,0,0,0,1,0,0,1,0,1,0,1,1,1,1,1,1,0,0,0,1,1,1,1,0,0,1,0,0,0,0,0,0,0,0,0,1,0,0,1,0,0,1,1,0,0,1,1,1
L_499,mercury,1,0,0,1,0,0,0,0,1,1,1,1,1,1,1,0,1,1,0,0,0,1,1,1,0,1,1,1,0,0,1,1,1,0,0,0,0,0,0,0,1,1,0,0,0,1,1,0,0,0,1,0,0,0,0,1,0,0,1,0,1,0,1,1,1,1,1,1,0,0,0,1,1,1,1,0,0,1,0,0,0,1,0,0,0,0,0,1,0,0,1,0,0,1,1,0,0,1,0,1
L_500,saturn,1,1,0,0,1,1,0,0,0,1,0,0,0,1,1,1,0,1,1,0,0,1,1,0,1,1,1,0,0,0,0,0,0,0,1,1,0,0,1,1,1,1,1,1,1,0,1,0,1,0,0,0,0,1,0,0,0,0,0,1,0,1,1,1,1,1,0,1,0,0,0,1,1,1,0,1,1,0,1,1,1,1,1,0,0,1,0,0,0,1,0,0,0,0,1,0,1,0,1,0
